tangut,tibetan
𗀀,དའོ
𗀁,སའས
𗀂,ཆག༹
𗀃,ཤཨོས
𗀄,ངྭའུས
𗀅,རྯའས
𗀆,རྒྭྀས
𗀇,གོམ
𗀈,ཙའོམ
𗀉,ཀཨེས
𗀊,ཆག༹
𗀋,ཕཨོས
𗀌,ཆ
𗀍,འཁཨི
𗀎,རྸེས
𗀏,རྤའས
𗀐,ཇེ
𗀑,ལཡེས
𗀒,ཤོམས
𗀓,ཤེས
𗀔,ཆག༹
𗀕,རྯའས
𗀖,སྡ༹འོམས
𗀗,འཙའིག༹ས
𗀘,ཐྭཡྀ
𗀙,འཕའྀ
𗀚,ཤཨོ
𗀛,ཁཡི
𗀜,ངྭའུས
𗀝,རྭའོ
𗀞,སྟའོམ
𗀟,འནི
𗀠,འཕའྀ
𗀡,ཆག༹
𗀢,ཤཨོས
𗀣,རྷའ
𗀤,ངྭའུས
𗀥,ཏའིག༹
𗀧,འདེས
𗀨,ཐྭཡུས
𗀩,འདེས
𗀪,ལའིས
𗀫,འཕའོ
𗀬,ཐའིག༹ས
𗀭,ཐྭཡུས
𗀮,ཐའིག༹ས
𗀯,ཐྭཡྀ
𗀰,སྠྀ༹
𗀱,ཕཨོས
𗀲,ཆིག༹ས
𗀳,འརྕྀ
𗀵,མའེས
𗀶,ཐའོམ
𗀷,ཁཡུས
𗀸,འཐའེ
𗀹,ཟཡི
𗀺,རྣའྀས
𗀻,ཚྭིམ
𗀼,སྐའས
𗀽,ཏའིག༹
𗀾,རྩའིག༹
𗀿,ལི
𗁀,ཀའོ
𗁁,ཝེས
𗁂,ཛིག༹ས
𗁃,སྐུ
𗁄,མའོས
𗁅,སྡ༹འ
𗁆,སྦེ
𗁈,ཏྭའ
𗁉,སྥེ
𗁊,སྦཨ
𗁋,ཏག༹
𗁌,འརྡའེས
𗁍,བུ
𗁎,སྗིས
𗁏,འཀཨོ
𗁐,སྨོས
𗁑,འདྀ༹
𗁒,རྸེས
𗁓,ཏའྀ
𗁔,སྟའ
𗁕,སྟའ
𗁖,སྡོས
𗁗,མཡེས
𗁘,རྸེས
𗁙,འརྐྀས
𗁚,འརྐྀས†
𗁛,སྡ༹འས
𗁜,རྭོ
𗁝,གིག༹
𗁞,ཆག༹ས
𗁟,སྐུ
𗁠,ཝའོམས
𗁡,ཕཡི
𗁢,འཐ༹ཨས
𗁣,ཛཡྀ
𗁤,ཛཡྀ
𗁥,སྕོས
𗁦,སྦེ
𗁧,ཏའིག༹
𗁨,འབིས
𗁩,ཏའིམ
𗁪,ཐའིག༹ས
𗁫,སའྀ
𗁬,ཐའོམ
𗁭,ཇོག༹
𗁮,ཆི
𗁯,ཁཨྀས
𗁱,ཡཡེས
𗁲,མའེས
𗁳,ཡག༹ས
𗁴,སྡྀ༹
𗁵,ཡཡེས
𗁶,འཕེ
𗁷,ཁཨ
𗁸,སའིས
𗁺,རྐི
𗁻,སྠེ༹ས
𗁼,བཡེས
𗁽,ཚའེ
𗁾,སྟའ
𗁿,སྟའ
𗂀,ཀའོ
𗂁,ཁཨྀས
𗂂,ཤུས
𗂃,ཆྭག༹
𗂄,གྭ༹འ
𗂅,རྨེས
𗂆,སྯེ
𗂇,ཀྭཨེ
𗂈,སྮཨྀ
𗂉,འཝའི
𗂊,ཇྭ
𗂋,རྣ
𗂌,རྱོ
𗂍,འཐི༹
𗂎,ཚེམས
𗂏,ཡུ
𗂐,ཚྭའ
𗂑,རྐྭའ
𗂒,རྐྭའ
𗂓,ཏའིག༹
𗂔,སའ
𗂕,མཨེ
𗂖,རྦའོམ
𗂗,ཁཨྀས
𗂘,འརྐེས
𗂙,ཕའ
𗂚,ཡཡེས
𗂛,བའྀས
𗂜,ཚའིས
𗂝,སྗི
𗂞,མཨེ
𗂟,རྭ
𗂠,ཧོམས
𗂡,རྤའྀ
𗂢,སྡའི
𗂣,ཝི
𗂤,བཨས
𗂥,ནཡེས
𗂦,རྱིས
𗂧,སྠེ༹ས
𗂨,སྕོས
𗂩,རྸའུ
𗂪,རྒྀས
𗂫,སྒུས
𗂬,རྱས
𗂭,ཕའ
𗂮,རྐྀ
𗂯,རྒའས
𗂰,ལཡིས
𗂱,ལའྀ
𗂲,ཛེམས
𗂳,འརྕྀས
𗂴,འརྕྀ
𗂵,འཕཨས
𗂶,རྸའྀ
𗂷,སྟྭའི
𗂸,བཡིས
𗂹,སྠྀ༹
𗂺,སྠྀ༹
𗂻,དྭའེ
𗂼,ཡཡེས
𗂽,ཡཡེས
𗂾,མའོས
𗂿,ཏཡུ
𗃀,ཙྭཡྀ
𗃁,ཕཡས
𗃂,སྑའྀ
𗃃,འརླེ
𗃄,ལྭཡྀས
𗃅,རྭའི
𗃆,རྱ
𗃇,ལ
𗃈,སྭཡྀ
𗃉,འགེ
𗃊,ཕའོ
𗃋,རྭེས
𗃌,རྭེས
𗃍,ངའ
𗃎,རྱེ
𗃏,སྐོས
𗃑,ཏའིག༹
𗃒,ལའྀ
𗃓,ཏའིག༹
𗃔,རྩའིག༹ས
𗃕,འཞཨི
𗃖,མཡུས
𗃗,བཡུ
𗃘,ཨྭའོས
𗃙,ཇཨེམ
𗃚,འནའེས
𗃛,ལོམ
𗃜,སྡི༹ས
𗃝,བཡུ
𗃞,ཀའྀ
𗃟,ཀའྀ
𗃠,འནའེས
𗃡,སྤུས
𗃢,འཤི
𗃣,རྸིས
𗃤,འམའིས
𗃥,ཀའྀ
𗃦,དཡྀ
𗃧,འད༹འེས
𗃨,ཨྭའོས
𗃩,གཡེས
𗃪,རྸིས
𗃫,པིག༹
𗃬,ད༹འིས
𗃭,ཡུས
𗃮,ཎཨོམས
𗃯,དཡྀ
𗃰,ཧའེ
𗃱,བཡུ
𗃲,ཇཨེམ
𗃳,རྨྀས
𗃴,འཁཨུ
𗃵,སྤུས
𗃶,འམའིས
𗃷,ཁཨྀས
𗃸,ཧཨྀ
𗃹,སའ
𗃺,ལའྀ
𗃻,སྣྀས
𗃼,ཀའྀ
𗃽,རྭའ
𗃾,སྣྀས
𗃿,ཞིས
𗄁,ཐྭའོ
𗄂,ཚེ
𗄄,སྡིས
𗄈,ཤོག༹
𗄉,ཟཡིས
𗄊,ཟཡིས
𗄋,ཞི
𗄎,སྡི༹ས
𗄐,ཅིས
𗄑,རྔའོམས
𗄒,ཤོག༹
𗄓,སྒྀས
𗄔,ཤྭོམ
𗄕,ཤེ
𗄖,ཇི
𗄙,ཟག༹
𗄛,རྦའིས
𗄜,ཝེ
𗄝,ཀའིམ
𗄞,སྭྀ
𗄟,ངྭའུས
𗄠,ངྭའུས
𗄡,སྐྀས
𗄢,རྸེས
𗄣,འཀའོས
𗄥,སྠེ༹
𗄦,སྗཨེས
𗄧,ལའྀས
𗄨,ལའུས
𗄩,སྦའི
𗄪,ནའུ
𗄬,ཛེམ
𗄭,སྫྀས
𗄮,གཡ
𗄯,མའེ
𗄰,ཕའྀས
𗄱,པཡེ
𗄳,འམ
𗄴,འཏྭའིས
𗄵,གྭ༹ཨེམ
𗄶,ཆཨིག༹
𗄷,མའྀས
𗄸,ཆས
𗄹,པཡེ
𗄺,བའུས
𗄻,ནྭའྀ
𗄼,ལཡ
𗄽,ཤཨམ
𗄾,སའེ
𗄿,སྡ༹འུས
𗅀,རྸུ
𗅁,ཨྭའུས
𗅂,རྸ
𗅃,སྡྭུ༹
𗅄,སྡ༹འ
𗅅,ཡིག༹ས
𗅆,དེམས
𗅇,སྟེམས
𗅈,སྟེམས
𗅉,ནོུ
𗅊,སྠ༹ཨིས
𗅋,མཡི
𗅌,རྒ༹འོས
𗅍,སྡྭེ༹མ
𗅎,ཁྭཨྀ
𗅏,སྡ༹ས
𗅐,ལའས
𗅑,སྨེ
𗅒,ཛྭའ
𗅓,ནཡེས
𗅔,ནག༹ས
𗅕,འད༹འིས
𗅖,ཟཡི
𗅗,མའེ
𗅘,ཁའམ
𗅙,མཡེ
𗅚,སྦེ
𗅛,ལེམས
𗅜,ཁིག༹ས
𗅝,སྦེ
𗅞,ཐ༹འྀས
𗅟,རྸའིག༹
𗅠,རྒའུ
𗅡,ཁྭཨྀ
𗅢,འསའིག༹ས
𗅣,རྸུ
𗅤,རྨའས
𗅥,ཏཡུས
𗅦,ཨྭའུས
𗅧,གཡུས
𗅨,སྨེས
𗅩,ལྭའོམ
𗅪,ཀྭཨེ
𗅫,རྐིག༹ས
𗅬,ཇིག༹ས
𗅭,རྔའིག༹
𗅮,དཡུ
𗅯,ཀཡྀ
𗅰,ལྭའེམ
𗅱,སྟེམས
𗅲,སྟེམས
𗅳,འགའེས
𗅴,སྡ༹འེས
𗅵,མཡེས
𗅶,སྟྭའྀ
𗅷,ཇཨེམ
𗅸,ཀྭའྀས
𗅹,ཡཡ
𗅺,ཚཡྀ
𗅻,ཚཡྀ
𗅼,སྟོ
𗅽,ཏའིག༹
𗅾,ནའོ
𗅿,སྫེ
𗆀,ཨྭའུས
𗆁,སའམ
𗆂,ཕའེ
𗆃,སྤའུས
𗆄,སྤུ
𗆆,ཀྭཨེམ
𗆇,རྔྭའྀས
𗆈,སྒིས
𗆉,ཀཨོ
𗆊,ཀཨ
𗆋,ཤྭྀ
𗆌,བའུ
𗆎,ཚཡེས
𗆏,སྕུས
𗆐,སྡེ༹
𗆑,འགས
𗆒,ལའོམས
𗆓,མཡེས
𗆔,སྐའས
𗆕,དཡི
𗆖,རྸ
𗆗,ཀཨེ
𗆘,སྑའྀ
𗆙,འཐི༹
𗆚,འཛུ
𗆛,སའས
𗆜,རྩའ
𗆝,རྸའྀས
𗆞,མཡེས
𗆟,མཡི
𗆠,བའུ
𗆡,ཡུས
𗆢,ཁྭཨྀ
𗆣,འནྱེ
𗆤,སྗིས
𗆥,འཁྭའས
𗆦,དཡི
𗆧,སཡིག༹
𗆨,སྨེས
𗆩,ཕའྀས
𗆪,འནྱེ
𗆫,འརླྀས
𗆬,རྭའི
𗆭,ཇིག༹
𗆮,ཐོ༹ག༹
𗆯,ཚཡྀས
𗆰,ད༹ཡ
𗆱,ཐའས
𗆲,ཛའི
𗆳,འནྱེ
𗆴,ལའ
𗆵,ལའ
𗆶,རྸས
𗆷,སྡ༹འས
𗆸,བའུས
𗆹,འནྱེ
𗆺,ལྭའོམ
𗆼,ཡིག༹ས
𗆽,ཆཨྀ
𗆾,སྒེ
𗆿,རྥཨ
𗇀,ཕའྀས
𗇁,ཤམ
𗇂,རྶའས
𗇃,ཧྭའས
𗇄,སྨའིས
𗇅,ཆྀ
𗇆,རྴཨ
𗇇,ཧྭའ
𗇈,ཁྭའས
𗇉,ཁྭའས
𗇊,ཐཡེས
𗇋,རྨེས
𗇌,ལའུས
𗇍,ཐ༹འིག༹ས
𗇎,སྭེས
𗇏,ལཡེས
𗇐,སྡིས
𗇑,ཧའས
𗇒,ཤ
𗇓,ཤ
𗇔,ལྀ
𗇕,ལའ
𗇖,འརྕྀས
𗇗,རྯའི
𗇘,ཐ༹འིག༹ས
𗇙,རླྭའྀས
𗇚,ཤྀ
𗇛,ཏཡེས
𗇜,རྱྭ
𗇝,རྱྭ
𗇞,ཁའོམ
𗇟,ཁའྀས
𗇠,སྦའིས
𗇡,རེམས
𗇢,ཀའས
𗇣,ཀཨོས
𗇤,ལཡེས
𗇦,སྡ༹
𗇧,ཁའྀས
𗇨,མཡ
𗇩,ལའོམས
𗇪,སྡིས
𗇫,སྡིས
𗇬,ལྭའམས
𗇭,ཀའས
𗇮,རྸའྀས
𗇯,དའས
𗇰,མཡ
𗇱,ངའས
𗇲,སྡ༹འུ
𗇳,ཁཨོ
𗇴,ཛའོམ
𗇵,ཐྭ༹ཡིས
𗇷,སྐའས
𗇸,སྯྀ
𗇹,ཀཨམ
𗇺,ལུས
𗇻,ཎཨེམས
𗇼,གྭམས
𗇽,སྫུ
𗇾,དའོམས
𗇿,དཡེ
𗈀,ལྀ
𗈁,འཝུ
𗈂,ཀའས
𗈃,འསུ
𗈄,འནྀས
𗈅,ལའེས
𗈆,སྪེས
𗈇,སྡ༹
𗈈,ཇཨམས
𗈊,ཞཨིས
𗈋,རྩའུ
𗈌,དཡེས
𗈍,ཙཡ
𗈎,ཏུས
𗈏,དཡེས
𗈐,སྨའྀ
𗈑,ཛཡི
𗈒,རྐིག༹ས
𗈓,ལའེས
𗈔,ཀའས
𗈕,ཟཨིས
𗈗,འདའིས
𗈘,ཧྭའིམས
𗈙,འཅུ
𗈚,གཡུ
𗈛,གཡུ
𗈜,ཀའས
𗈝,ཙའིམ
𗈞,རྫས
𗈟,ཏཡེས
𗈠,ཛཡི
𗈡,རྯའོམ
𗈢,ཚའུ
𗈣,རྐིག༹ས
𗈤,ཤུ
𗈥,ཇཨེམས
𗈦,སྠ༹ཨས†
𗈧,སྴེ
𗈨,ལའོ
𗈩,ཨའོ
𗈫,སྡྭེ༹ས
𗈭,ཁྭའ
𗈮,རྒ༹ཨི
𗈯,རྒ༹ཨི
𗈰,རྣས
𗈱,རྸ
𗈲,ཁྭའ
𗈳,ཨའོས
𗈴,རྸོས
𗈵,སྗྀས
𗈶,སཡྀ
𗈷,རྔའིག༹ས
𗈸,ཆོམ
𗈹,འསི
𗈺,འནཨས
𗈻,ཅཨིག༹
𗈼,པཡུས
𗈽,པའི
𗈾,སྠྭ༹
𗈿,ཚཡ
𗉀,ཚྭཡ
𗉁,སྒ༹ཨི
𗉂,སྒ༹ཨི
𗉃,ཏེམ
𗉄,ཇཨ
𗉅,ཙཡ
𗉇,ཙཡ
𗉈,ཙཡ
𗉉,ཇེ
𗉊,ཇྭེ
𗉋,ཅཨོམ
𗉌,པཡུས
𗉍,ཤྭ
𗉎,སྦའེ
𗉏,ཀྭའོམ
𗉐,ཅཨོམས
𗉑,སྫྭྀ
𗉓,ཕཡི
𗉔,ཅིག༹
𗉕,འརྕྀས
𗉖,ཚེམ
𗉗,འམའིས
𗉘,ཆྀ
𗉙,སྡི
𗉚,ཐཡུ
𗉛,སྮི
𗉜,འཛའེ
𗉝,སྴིས
𗉞,ག༹འུ
𗉟,ཡཡ
𗉠,ཅུ
𗉡,ཀཨིག༹ས
𗉢,ཤྭ
𗉣,ཕཡི
𗉤,ཆྀ
𗉥,གྭཡེ
𗉧,སྪེམ
𗉨,འརྕྀས
𗉩,འགོ
𗉪,ཆཨེམས
𗉫,འཁའེ
𗉬,གྭཡེ
𗉭,ཅེམ
𗉮,ཆྀས
𗉯,ཀཨ
𗉰,ཆྀ
𗉱,ཤྭུ
𗉲,ཆིག༹
𗉳,སྐྭའས
𗉴,ཆྀས
𗉵,ཝིས
𗉶,མའྀས
𗉷,འཆུས
𗉸,ཧའོམས
𗉹,བུ
𗉺,ཤཨ
𗉻,ཚཡེ
𗉼,ག༹འ
𗉽,སའྀས
𗉾,རྴཨ
𗉿,རྸོས
𗊀,ག༹ཡུ
𗊁,འནཨས
𗊂,སྫྭྀ
𗊃,རྨའུ
𗊄,ཏེམ
𗊅,དཡིས
𗊆,སྣའོས
𗊇,སའས
𗊈,ཧྭའི
𗊉,སྣོ
𗊊,སྡ༹འོམ
𗊋,ཙཡིས
𗊌,ནཡུ
𗊍,འཀྭཨི
𗊎,དའོམས
𗊏,སྣྭིས
𗊐,རྯའྀས
𗊑,ཛྭམ
𗊒,སྤ
𗊓,མའྀས
𗊔,བཨས
𗊕,ཤཨྀ
𗊖,ཨྭའོས
𗊗,ཐ༹ཡེས
𗊘,ག༹ཨེ
𗊙,ཧྭའིམས
𗊚,སྣིས
𗊛,ཚའིག༹
𗊜,ཞུས
𗊝,ཇག༹
𗊞,གཡི
𗊟,འསའོ
𗊠,གཡེ
𗊡,ཧའ
𗊢,འདྀ༹
𗊣,སྐའུས
𗊥,མའྀས
𗊦,འདྀས
𗊧,ཆྭམ
𗊨,སྟའྀ
𗊩,ཧའོམས
𗊪,ད༹འོམས
𗊫,འནཨས
𗊬,སྐའུས
𗊭,སའེ
𗊮,ལཨས
𗊯,ཁཡས
𗊰,ལུས
𗊱,ཛོས
𗊴,སཡེ
𗊵,ཆུ
𗊶,ཐ༹ཡུ
𗊷,རེམས
𗊸,ནའོས
𗊹,ལོག༹
𗊺,ཧའས
𗊻,ཤོས
𗊼,སྡའས
𗊽,སྦྀ
𗊾,འརྐྀས
𗊿,ཤའིམ
𗋀,སྕྀས
𗋁,དཡེས
𗋂,ཤྭོག༹
𗋃,སཡི
𗋄,སའུས
𗋅,ལྭའུ
𗋆,རྑྭའས
𗋇,ག༹ཡུ
𗋈,ངྭའུས
𗋉,འཇས
𗋊,རྸའེས
𗋋,རྕཨོ
𗋌,ནའེས
𗋍,སྩྭའུ
𗋎,རྖཨྀ
𗋏,ཐྭའུས
𗋐,ཆུ
𗋑,སྡེམས
𗋒,སྐེ
𗋓,འརྯྀས
𗋔,ཐྭཡི
𗋕,ཐཡ
𗋖,ཀཨས
𗋗,སྭཡི
𗋘,རྑྭའས
𗋙,ཝྀས
𗋚,ཝྀས
𗋛,སྣྭྀ
𗋜,ཙཡས
𗋝,ལྭའུས
𗋞,རྣའེ
𗋟,རྐའེས
𗋠,འཇས
𗋡,འནཨས
𗋢,ཀྭའྀས
𗋣,རྑཨ
𗋤,འརྯྀས
𗋥,རྭའི
𗋦,ཐ༹ཡུ
𗋩,རྭའིས
𗋪,སྭའོ
𗋫,ཏའིག༹
𗋬,ཕའོ
𗋭,སྡི
𗋮,ཤྭཨི
𗋯,རྔྭའྀས
𗋰,གཡེས
𗋱,འདིས
𗋲,སྡ༹ཨི
𗋳,ཀྭའམ
𗋵,སའུས
𗋷,ཙཡིས
𗋸,མཡ
𗋹,སྣའོས
𗋺,འཀྭཨི
𗋻,ཛའོམ
𗋼,ཆཨྀ
𗋽,འརྯྀས
𗋾,ཞུས
𗋿,རྱུ
𗌀,ཧའས
𗌁,སྡི
𗌃,ཏའུམ
𗌄,ད༹འོམས
𗌅,སམས
𗌆,ཤྭེས
𗌇,སྐྀས
𗌈,རྨའུ
𗌉,རྣའེ
𗌊,ནྭཡྀ
𗌋,ཧའས
𗌌,ནག༹
𗌍,རྷྭའ
𗌎,སྡི
𗌏,རྱུས
𗌒,རྕཨོས
𗌔,ཐྭའམས
𗌗,གཡུ
𗌘,ནྭཡྀ
𗌙,ཐ༹ཡུ
𗌚,སྣེམས
𗌛,རྷྭའ
𗌜,རྣོ
𗌝,སཡེས
𗌞,འནའས
𗌠,འནཨས
𗌡,ཐའམ
𗌢,གཡུ
𗌣,གཡུ
𗌥,སྤ
𗌦,ཕའོ
𗌧,རྱུས
𗌨,ཇྭོམ
𗌩,སྤེམས
𗌪,ལྭཡྀ
𗌬,རྡག༹ས
𗌭,ཀའུ
𗌮,རྨོ
𗌯,སྭིས
𗌰,སྤའུས
𗌱,བེམས
𗌲,སྭ
𗌳,སྭ
𗌴,ཝའིས
𗌵,ཀོམ
𗌶,རྣེ
𗌷,པའོ
𗌸,ནཡེ
𗌹,རྣེ
𗌺,ཝའིས
𗌻,རྱའས
𗌼,དྀ༹
𗌽,དཡྀས
𗌾,ཐྭཡྀས
𗌿,སྤེམས
𗍀,ག༹འུས
𗍁,ཝའིས
𗍂,ནྭཡེ
𗍃,ཡིག༹ས
𗍄,ནཡེས
𗍅,འརྐྀ
𗍆,འརྐྀ
𗍇,ཤོུ
𗍈,ཀོམ
𗍉,ཧའྀས
𗍊,སཡུས
𗍋,འཁྀ
𗍌,ཇྭེ
𗍍,རྩའི
𗍎,པཡ
𗍏,སཡུས
𗍐,ཁིམ
𗍑,འཁྀ
𗍒,སྭ
𗍓,རྸའིག༹ས
𗍔,འརྐྀ
𗍕,འརྐྀ
𗍖,འརྐྀ
𗍗,ཝའིས
𗍘,པཡ
𗍙,ཝའིས
𗍚,རྯའ
𗍛,སྐྀས
𗍜,པཡ
𗍝,ཡོུ
𗍞,འངྭའྀ
𗍟,དཡྀས
𗍠,ཁིམ
𗍡,སཡུས
𗍢,པའོ
𗍣,བཡས
𗍤,དའས
𗍥,སྒྀ༹
𗍦,འཐུ༹
𗍧,སྡ༹འིས
𗍨,རྯའུས
𗍩,ཧྀས
𗍪,ཚེམ
𗍫,འནྀ
𗍬,ལུས
𗍭,ལོམས
𗍮,རྡའིག༹
𗍰,སྤོས
𗍱,སྯྀས
𗍲,ལ
𗍳,ནཡིས
𗍴,འརྡའེས
𗍵,ཅྭཨ
𗍶,ཛེམས
𗍷,ཛེམས
𗍸,རྤའས
𗍹,རྩའིག༹ས
𗍺,ཅ
𗍻,ཇས
𗍼,ཝེས
𗍽,ཚྭཡུ
𗍾,ཝེས
𗍿,ད༹འིག༹
𗎀,ཅ
𗎁,རྸིས
𗎂,ཅ
𗎃,ཀཨིས
𗎄,རྭའྀས
𗎅,རྒ༹འོས
𗎆,སྭི
𗎇,རྭའྀས
𗎈,སྒྭ༹འོམ
𗎉,སྐྀས
𗎊,རྸའེ
𗎋,རྭའྀས
𗎌,ཇོུས
𗎍,ཁཨི
𗎎,ཀྭཨི
𗎏,སྨེ
𗎐,སྐྀས
𗎑,རྨའུས
𗎒,སྡའས
𗎓,རྐིག༹
𗎔,ཇེས
𗎖,ཁཨི
𗎗,སྐུ
𗎘,བུས
𗎙,ཕཡ
𗎚,རྨའིས
𗎛,ཀའུས
𗎜,ཀའུས
𗎝,ཕཡ
𗎞,འམའྀ
𗎟,འརྠའ
𗎠,འརྱེས
𗎡,ཀའུས
𗎢,ཐེམ
𗎣,པཨོམ
𗎤,མའེ
𗎥,འམི
𗎦,ཁའས
𗎧,ཁའས
𗎨,ཝུས
𗎩,ཀཨ
𗎫,འརྩེས
𗎬,རྗྀས
𗎭,འམི
𗎮,སྭུས
𗎯,ཝུས
𗎰,སྕྀ
𗎱,འརྩེས
𗎲,ཇྭེས
𗎳,ཁའས
𗎴,ཏཡི
𗎵,འཝུས
𗎶,ཀའོམ
𗎷,ཅ
𗎸,ཅས
𗎹,འབུས
𗎺,ཝའས
𗎻,ཀའོམ
𗎼,སྭའིག༹
𗎽,མའིས
𗎾,མའིས
𗎿,པའོ
𗏀,མའིས
𗏁,ངྭའྀ
𗏂,མའིས
𗏃,ཡཡེ
𗏄,ངྭའྀ
𗏅,འཡྭྀ
𗏆,ཧྭཨམ
𗏇,དཡིས
𗏈,ངྭའུས
𗏉,རྒ༹འུ
𗏊,རྒ༹འ
𗏋,སཡིས
𗏎,བཡས
𗏏,སྴྀ
𗏐,འཚའེས
𗏑,འནའོ
𗏒,སྡའུས
𗏓,སྡི༹ས
𗏔,སྕོ
𗏕,རྸའིས
𗏖,རྸེས
𗏘,རྒ༹འས
𗏙,རྫྭྀ
𗏚,བཡེ
𗏛,ཝའིམ
𗏜,སྤའེ
𗏝,སྯོ
𗏞,ཡུ
𗏟,ལའོ
𗏠,རྒ༹འས
𗏡,སྐའུ
𗏢,རྒ༹འུ
𗏣,རྸེས
𗏥,འདུ༹ས
𗏦,བཡས
𗏨,རྒ༹འུ
𗏩,བའྀས
𗏪,སྭའི
𗏫,སྡ༹འུས
𗏬,རྐའོ
𗏭,མཡ
𗏮,སྪེས
𗏯,སྤཨེམས
𗏰,སྟེས
𗏱,སྡི༹ས
𗏲,ཕའེས
𗏳,རྐག༹ས
𗏴,ཇུ
𗏵,མཡ
𗏶,ཕོ
𗏷,གཡྀས
𗏸,མཡ
𗏹,ཡུས
𗏺,རྸེས
𗏻,རྗྀས
𗏼,ནྭཡྀ
𗏽,རྸེས
𗏾,ལའས
𗏿,ལས
𗐀,རྸེས
𗐁,སྟིས
𗐂,སྟིས
𗐃,ཤ
𗐄,སྤཨེམས
𗐅,བཡེ
𗐆,སྕོ
𗐇,སྠ༹འོམས
𗐈,བཡེ
𗐉,རྨ
𗐊,སྤཨེམས
𗐋,ག༹ས
𗐌,ཝའ
𗐎,པཡྀ
𗐏,སྠུ༹ས
𗐐,ཧོམ
𗐑,ཤི
𗐒,ག༹ས
𗐓,སྭཡྀ
𗐔,རྒ༹འས
𗐕,པཡེས
𗐖,ཅི
𗐗,སྠུ༹ས
𗐘,ཁའོ
𗐙,འདའུས
𗐚,རྸོས
𗐛,རྭའས
𗐜,ག༹ས
𗐝,གི༹ག༹ས
𗐞,ཅྀ
𗐟,ཅིས
𗐠,ཅྀ
𗐡,ཅྀ
𗐢,ཅྀ
𗐣,ལའུས
𗐤,སྭེས
𗐥,ཀྭའྀ
𗐦,ལའུས
𗐧,ནཡེས
𗐨,ཤཨི
𗐩,ཤཨི
𗐪,ཁོམས
𗐫,ཝའེས
𗐬,ཀའྀས†
𗐭,ཤྭ
𗐮,ལེམས
𗐯,སྐཨེས
𗐰,ཕའྀས
𗐱,ནཡིས
𗐲,བའྀ
𗐳,ཅེ
𗐴,ནཡུ
𗐵,ལིས
𗐶,སྡ༹འས
𗐷,སྶྀ
𗐸,སའེ
𗐹,ཨའམ
𗐺,མའིམ
𗐻,ཡཡྀས
𗐼,ཇྭག༹
𗐽,ཚའོམ
𗐾,སྭའིམ
𗐿,ངྭའིས
𗑀,སྗའྀས
𗑁,ཡོམས
𗑂,རྭའྀས
𗑃,ཅིམ
𗑄,ཅུ
𗑅,སྒྀས
𗑆,འཏྀ
𗑇,སྨའ
𗑈,སྫྀས
𗑉,མའེ
𗑊,ངའས
𗑋,ཁོམས
𗑌,ཀཨེ
𗑍,རྸིས
𗑎,འསྀས
𗑏,ཐའས
𗑐,ལའིག༹ས
𗑑,རྨཨོ
𗑒,ཤྭ
𗑓,དཡི
𗑔,མའྀས
𗑕,ཎིས
𗑖,རྔྭའི
𗑗,སའེ
𗑘,སྭའེ
𗑙,ག༹འམ
𗑚,འརྒའ
𗑛,རྯྀ
𗑜,འགའུ
𗑝,རྩའིག༹
𗑞,ཁིག༹
𗑟,སྭི
𗑠,རྸིས
𗑡,རླིས
𗑢,ལག༹ས
𗑣,གྭ༹འ
𗑤,གྭ༹འ
𗑥,ཅེ
𗑦,རྴྭྀ
𗑧,སྟོ
𗑨,གོམས
𗑩,འགིས
𗑪,ཀྭིམ
𗑫,བའྀ
𗑬,ཛའུ
𗑭,ནྭཡྀས
𗑮,དཡྀས
𗑯,རྒུས
𗑰,ཚའེ
𗑱,ཀཡས
𗑲,འཆིག༹
𗑳,འནའས
𗑴,ལྭའམ
𗑵,ཙཡྀ
𗑶,ཟའིག༹ས
𗑷,ཏའོས
𗑸,གྭ༹འེ
𗑹,ཨའམ
𗑺,ནཡུ
𗑻,སྒ༹འ
𗑼,ནཡེ
𗑽,ཁཡས
𗑾,འངྭའུ
𗑿,ལག༹ས
𗒀,ཚྭའིག༹
𗒁,ཛུ
𗒂,སྣ
𗒃,ལག༹ས
𗒄,ལག༹ས
𗒅,རྴྀ
𗒆,ཧྭཨས
𗒇,ནྭའིག༹
𗒈,ཇཨེམ
𗒉,ལའ
𗒊,ཎཨེམས
𗒋,ཤཨོམ
𗒌,འདྀ༹
𗒍,ཛྭཡྀས
𗒎,ཡོམས
𗒏,གཨོ
𗒐,གྭ༹ཨེ
𗒑,ཡཡྀས
𗒒,མའིས
𗒓,ཆཨ
𗒔,གོམས
𗒕,སྡྭེ༹
𗒗,ཁཡེ
𗒘,ག༹ཨེ
𗒙,ག༹ཨེ
𗒚,བའྀ
𗒛,སྸྭའུས
𗒜,ཇྭ
𗒝,མིམ
𗒞,འནའས
𗒟,ནྭོས
𗒠,ཀཨེས
𗒡,ཛྭཡྀས
𗒢,ཤཨེ
𗒣,སྦིས
𗒤,རྒུ
𗒥,ཡོམས
𗒦,འནའས
𗒧,སྒ༹འ
𗒨,སྦའ
𗒩,ནཡུ
𗒪,སྭའས
𗒫,འགིག༹
𗒬,ལའྀ
𗒭,ཁཡྀ
𗒮,ཁག༹
𗒯,ཁཡི
𗒰,རྸིས
𗒱,ཤྭི
𗒲,ཅཨི
𗒳,ཁའུ
𗒴,འཆྭྀ
𗒵,ཀྭའ
𗒶,ཁཡི
𗒷,རྸས
𗒸,ད༹འྀ
𗒹,སྴ
𗒺,ཚའིག༹ས
𗒻,རྐུས
𗒼,སྑྭའེ
𗒽,ཐཡུ
𗒾,མའིས
𗒿,ལའུ
𗓀,ལའུ
𗓁,མཡི
𗓂,སཡྀས
𗓃,འགའུ
𗓄,ངྭའེས
𗓅,འཀཨས
𗓆,ལཡེ
𗓇,ཀཨྀས
𗓈,ཐྭ༹འུ
𗓉,ཀཡྀ
𗓊,ཁཨོམས
𗓋,ག༹ཨེ
𗓍,འཤཨས
𗓎,སྡྭ༹འུ
𗓐,སྒྀ༹
𗓑,རྒྭ༹འེས
𗓒,ཛུ
𗓓,ཆེ
𗓔,ཚཡེ
𗓕,ཝཨོམ
𗓖,འགས
𗓗,འཇུས
𗓘,ཧེམ
𗓙,སྤའྀ
𗓚,མའས
𗓜,རྑོ
𗓝,ཝའེས
𗓞,ཅུ
𗓟,རྔྭའྀ
𗓠,སྡེ
𗓡,རྸིས
𗓢,ཝྀ
𗓣,ཇེས
𗓤,ཇེས
𗓥,ཤོམས
𗓦,འདྭའུས
𗓧,ག༹འ
𗓨,སྦའིས
𗓩,བའེམ
𗓪,སྭིམ
𗓫,ཕའུ
𗓬,རྭའེས
𗓭,ལྭའེ
𗓮,མྱཡས
𗓰,ནའ
𗓱,ཏཡེ
𗓲,བའོ
𗓳,ནའ
𗓴,ཕའྀས
𗓵,རྱེས
𗓶,ལའོས
𗓷,ཁྭམ
𗓸,འནའས
𗓹,སྡྭེ༹
𗓺,ཝའྀ
𗓻,རྑཨ
𗓼,ངྭའིས
𗓽,ལའོ
𗓾,ཚའིག༹ས
𗓿,རྸིས
𗔀,ཝ
𗔁,སཡིས
𗔂,ཙཡི
𗔃,ཅིས
𗔄,བཨས
𗔅,ཀཨིག༹ས
𗔆,སོ
𗔇,སྸྭའུས
𗔈,ཅཨམ
𗔉,ཆོུ
𗔊,ཀྭའོམས
𗔋,བའོམ
𗔌,སྯིས
𗔍,གོམས
𗔎,ག༹ཨེ
𗔏,སྡྭ༹འུས
𗔐,སྣུས
𗔑,སྐའས
𗔒,ཝའྀ
𗔔,སྠུ༹ས
𗔕,རྣིས
𗔖,རྩའིག༹
𗔗,ཤག༹ས
𗔘,མོ
𗔙,འཆི
𗔚,ཕའྀས
𗔛,གྭཡིས
𗔜,ལྭའེམ
𗔝,ཀཨིག༹ས
𗔞,རྨྀ
𗔟,རྞ
𗔠,སཡུ
𗔡,སྡྀ༹
𗔢,སྟི
𗔣,རེམས
𗔤,ཀྭཨི
𗔥,ཛའི
𗔦,རྨེས
𗔧,སཡུས
𗔨,ཅཨྀས
𗔩,སྒ༹ཨེས
𗔪,སྐྭཨེ
𗔫,སྡུ
𗔬,ཝའིས
𗔭,རྔའིག༹ས
𗔮,ངཨོམས
𗔯,ཛཡི
𗔰,སྣུས
𗔱,ལྀ
𗔲,ཚའིག༹ས
𗔳,རྯའ
𗔴,རྱུས
𗔵,སྐུ
𗔶,རྐའོམ
𗔷,ཅཨོམས
𗔸,སྦའས
𗔹,རྱེ
𗔺,འདི༹ས
𗔻,རྱས
𗔼,གྭ༹འེ
𗔽,ཁཨྀ
𗔾,ཁཨྀ
𗔿,རླྭའྀས
𗕀,ཨྭའོས
𗕁,ཅི
𗕂,གཡུས
𗕃,ཙའོམ
𗕄,རྸིས
𗕅,མཨེ
𗕆,ལའུ
𗕇,ལའུས
𗕈,ནའུ
𗕉,ཤོམས
𗕋,འརླེ
𗕌,ཞིམ
𗕍,འརླེ
𗕎,འནའིག༹ས
𗕏,རྕྀས
𗕐,སྐྀ
𗕑,ཁཡྀས
𗕒,ནཡི
𗕓,སྡིས
𗕔,ཐའེ
𗕕,ཕའྀ
𗕖,སྐའོ
𗕗,རྸེས
𗕘,ངའྀ
𗕙,ཕའྀ
𗕚,མཡ
𗕛,ཏའེ
𗕜,ཝའས
𗕝,སྥྀ
𗕞,འཛའོས
𗕟,སྟྀས
𗕠,ཁའོ
𗕡,རྯོ
𗕢,ཁཡྀས
𗕣,སྪ
𗕤,ཤྭ
𗕥,འབིས
𗕦,ཐཡྀ
𗕧,དྭའུས
𗕨,སྡ༹འོམ
𗕩,སྡྭུ༹
𗕪,སྨེ
𗕫,རྸའུས
𗕬,སྴྀས†
𗕭,རྖྭྀ
𗕮,འཆི
𗕯,འདོ༹ས
𗕰,འཐི༹
𗕱,ག༹ཨི
𗕲,རྖྭྀ
𗕳,སྴྀ
𗕴,སྩེམ
𗕵,ཇྭག༹
𗕶,སྒ༹འས
𗕷,ངྭའེས
𗕸,ཆོམ
𗕹,སྟ
𗕺,འངྭའུས
𗕻,ཁའོ
𗕼,ལུས
𗕽,སྡའས
𗕾,ཀཡུ
𗕿,ནཡེས
𗖀,ཛེམས
𗖁,སྫུ
𗖂,ཆོག༹
𗖄,ནྭཡི
𗖅,སྭཡིས
𗖆,འགཨེ
𗖇,ཁཨས
𗖈,འཕ
𗖉,སྠའོམ
𗖊,ཤྀ
𗖋,སྭཡྀས
𗖌,གཡྀས
𗖍,འད༹
𗖎,སྐཨེས
𗖏,ནྭོས
𗖐,བཡུ
𗖑,ལུས
𗖒,སྡའས
𗖓,འཐ༹འོས
𗖔,ཧའས
𗖕,སྣའས
𗖖,སྣྀ
𗖗,སའིམས
𗖘,ནྭོས
𗖙,སའས
𗖚,སའས
𗖛,ཨི
𗖜,སྟ
𗖝,ནཡེས
𗖞,སྕེ
𗖟,སྐཨ
𗖠,ངྭའེས
𗖡,སྟ
𗖢,འནའེས
𗖣,རྮཨི
𗖤,འཏའུ
𗖥,ཆྭི
𗖦,ཤོམས
𗖧,ཨིས
𗖨,རྸའི
𗖩,སྡི༹
𗖪,རྸའོམས
𗖫,སྣས
𗖬,རྐིག༹
𗖭,འནུས
𗖮,ཆོམ
𗖯,འཨཨས
𗖰,རླྭའྀས
𗖱,ཨའུ†
𗖲,ཐ༹ཡུ
𗖳,ལའ
𗖴,རྐིག༹ས
𗖵,བཡུ
𗖶,སྭཡྀ
𗖷,དའུ
𗖸,འངྭའུ
𗖺,ཀཡུ
𗖻,སྤུ
𗖼,སྡེ༹
𗖽,ཨེ
𗖾,སྠའྀ
𗖿,སྠའྀ
𗗀,ཤྀ
𗗁,ཤྀ
𗗂,མའོས
𗗃,སྸུ
𗗄,ལུས
𗗅,ཤྭེ
𗗆,སའིམ
𗗇,གཡུ
𗗈,དའོ
𗗉,ངྭའེས
𗗊,ཀཡུ
𗗌,གའོ
𗗍,སྡེ༹
𗗎,འརྤྭྀ
𗗏,འརྤྭྀ
𗗐,ཡིག༹ས
𗗑,སྐུ
𗗒,སྐུ
𗗓,གོམས
𗗔,འནྱེ
𗗕,སྡེ༹མས
𗗖,སྡེ༹མས
𗗗,འནྱེ
𗗘,སྡེ༹མས
𗗙,ཡཡེ
𗗚,གོམས
𗗛,འཐ༹ཨས
𗗜,རྠོམས
𗗝,འནྱེ
𗗞,སྡ༹ཨེ
𗗟,ཡཡེ
𗗠,འཐ༹ཨས
𗗡,སྡེ༹མས
𗗢,ཐཡེ
𗗣,ལྭའྀས
𗗤,ལྭའྀས
𗗥,སྮིས
𗗦,ཕའྀ
𗗧,ཀཨ
𗗨,སྮིས
𗗩,ཕཡ
𗗪,འཀི
𗗫,རྩའི
𗗬,ལྭཡུ
𗗭,ཅོུས
𗗮,ལྭཡུ
𗗯,ཅེས
𗗰,ཁྭཡྀས
𗗱,ཇཨྀ
𗗲,སྑཨིས
𗗳,ཁྭཡྀས
𗗴,ཚྭཡྀ
𗗵,ཁཨིས
𗗶,ནའྀས†
𗗷,འནིས
𗗸,ཝའ
𗗹,ཤྭག༹ས
𗗺,འདྀ༹
𗗻,ནའ
𗗼,ནའ
𗗽,ཇཨྀ
𗗾,ཝའ
𗗿,ཏའ
𗘀,ཀའིག༹ས
𗘁,རྸའི
𗘂,ཁྭཡྀ
𗘃,ནའ
𗘄,ཏའ
𗘅,གཡུ
𗘆,ཀའིག༹ས
𗘇,ཅུས
𗘈,རྔྭའིས
𗘉,གོམས
𗘊,ཚྭཡུས
𗘋,སྐའ
𗘌,ཤྭོམ
𗘍,རྔྭའྀ
𗘎,རྔྭའྀ
𗘏,ཤྭེམ
𗘐,ཀྭའེ
𗘑,བའྀས
𗘒,ཀྭའེ
𗘓,ཧཡུ
𗘔,ཚྭཡུ
𗘕,རྔྭའྀ
𗘖,ཧའུས
𗘗,ཚྭཡུ
𗘘,རྔྭའྀས
𗘙,གོམས
𗘚,ཚྭཡུ
𗘛,ཚྭཡུ
𗘜,འགས
𗘝,ལའུས
𗘞,ཐ༹ཡ
𗘟,ལའུས
𗘠,རྸེས
𗘡,ཆེམ
𗘢,ཆེམ
𗘣,རྱྭྀ
𗘤,ཐ༹འིག༹
𗘥,ཐ༹འིག༹
𗘦,ཇཡེ
𗘧,རྗིས
𗘨,ཇཨེམས
𗘩,རྣའྀས
𗘪,ཐ༹འིག༹
𗘫,འདུ༹
𗘬,སྭཡ
𗘭,ཐའས
𗘮,རྣའྀ
𗘯,ཝེས
𗘰,འབཨས
𗘱,འངྭའུ
𗘲,རེམས
𗘳,འདུས
𗘴,འམུས
𗘵,ཁཡིས
𗘶,འགྀ
𗘷,རྷའོམ
𗘸,ཁམ
𗘹,ཁམ
𗘺,མཡེ
𗘻,སྡོ
𗘼,འགུ
𗘽,ཐྭཡྀ
𗘾,ཀྭའྀས
𗘿,པའོ
𗙀,འབུས
𗙁,མའྀས
𗙂,རྡའིག༹
𗙃,ལིམ
𗙄,རྴཨྀ
𗙅,རྷའྀ
𗙆,ཧཨ
𗙇,ཟའིག༹ས
𗙈,སྭ
𗙉,རྒ༹འ
𗙊,ཇཨམ
𗙋,ཛའོམ
𗙌,ཀཨྀ
𗙎,སའིག༹
𗙏,སྒ༹ཨིས
𗙐,སའིས
𗙑,སྒ༹ཨིས
𗙒,ལཨ
𗙓,ལྭིམ
𗙔,ཧྭའམ
𗙖,ཕའམ
𗙗,སྡའས
𗙘,སྒ༹ཨིས
𗙙,ཀའིམ
𗙚,ཕིམ
𗙛,ལྀས
𗙜,ཤྭཨེ
𗙟,འགའེས
𗙠,ཇཨ
𗙡,རྐྭའ
𗙢,ཝའམས
𗙣,ཧ
𗙤,པིམ
𗙥,སྡེ
𗙦,ཇིམ
𗙧,རྨེ
𗙨,རྱེ
𗙩,ཧིག༹
𗙪,ཀམ
𗙬,ཤོུ
𗙭,རྸའ
𗙮,ཆྭྀ
𗙯,རྯིས
𗙰,ཀའྀ
𗙱,ཀའྀ
𗙲,རྸའིས
𗙳,ཀའྀ
𗙴,རྸའ
𗙵,ཅག༹
𗙶,ཙེམ
𗙷,རྸིས
𗙸,རྸིས
𗙹,རྸའོམས
𗙺,ཡུས
𗙻,ཅོ
𗙼,ཡུས
𗙽,ནཡྀ
𗙾,ཀྭཨེམས
𗙿,ཡུས
𗚀,ཅོ
𗚁,དཡུས
𗚂,སོས
𗚃,ཀཨྀས
𗚄,དའོ
𗚅,སྡུ༹
𗚆,སྡུ༹
𗚇,སྡ༹ཨེ
𗚈,ག༹འས
𗚉,ཡུས
𗚊,རྔའུ
𗚋,ཅི
𗚌,སཡི
𗚍,ཇྭམ
𗚎,ཧའོམས
𗚏,ཤཨ
𗚐,སྡ༹ཨེ
𗚑,དའོ
𗚒,ཁཡུས
𗚓,ཏཡུ
𗚔,ཛྭཡྀས
𗚕,ལིས
𗚖,ཐོ༹མས
𗚗,སྡའ
𗚘,རྩི
𗚙,ཐྭའོས
𗚚,ཟའིག༹ས
𗚛,མཡུས
𗚜,པཡུས
𗚝,ཛའིས
𗚞,མའྀས
𗚟,ཀྭའམ
𗚠,ཁའུས
𗚡,འནྀས
𗚢,ཕཨ
𗚣,ཕཡ
𗚤,ཚའེ
𗚥,རྯའྀས
𗚦,ཏཡུ
𗚧,མའྀས
𗚨,ཛིག༹
𗚩,རྸའེས
𗚪,བའི
𗚫,ཝའེམ
𗚬,རྒ༹འོ
𗚭,ཇཨམས
𗚮,ཚའོམ
𗚯,ལའེ
𗚰,ལའེ
𗚱,ཐ༹ཡ
𗚲,འརྩྀ
𗚳,ཀའུ
𗚴,ཇཡྀ
𗚵,བཨྀ
𗚶,འཞཨུ
𗚷,ཆྀ
𗚸,ཆྭི
𗚹,ཤྭཨམ
𗚺,ཙཡིས
𗚻,ཤེམས
𗚼,ཚའམ
𗚽,སྡའུ
𗚾,ཁཡིས
𗚿,ལིག༹ས
𗛀,ཀྭའོ
𗛁,འབའི
𗛂,ཤྭུས
𗛃,སྡྀ༹
𗛄,སྡྭུ༹
𗛅,སྡའུས
𗛆,རྭའས
𗛇,ཚྭའ
𗛈,ཤྭི
𗛉,ཁཡེ
𗛊,སྴ
𗛋,ཀཨས
𗛌,ངྭའིས
𗛍,སྡའ
𗛎,ཛའོས
𗛏,རྸ
𗛐,སྴེ
𗛑,རྸའོམས
𗛒,ཟའོམས
𗛓,ད༹འོམས
𗛔,འཞཨུ
𗛕,འབུ
𗛖,ཀའྀ
𗛗,འབཨས
𗛘,ཁའུས
𗛙,རེམས
𗛚,སྫེ
𗛛,སྐའུས
𗛜,རེམས
𗛝,རྸའེས
𗛞,དཡྀས
𗛟,ཝའི
𗛠,ག༹འུས
𗛡,ཀཨྀས
𗛢,འདུ༹ས
𗛣,ལའོམ
𗛤,རྤའས
𗛥,ཛའ
𗛦,ཁཨི
𗛧,སྡུ༹
𗛨,རྣའས
𗛩,རྭོ
𗛪,གིག༹
𗛫,རྒ༹འོས
𗛬,དའུས
𗛭,ཏའུ
𗛮,འཝའྀ
𗛯,འཝུ
𗛰,རྸའེས
𗛱,ཤིམ
𗛲,ལོམས
𗛴,སྣའེས
𗛵,ལའས
𗛶,སྫིས
𗛷,ཕཨ
𗛸,ཝུ
𗛹,ཚའོམ
𗛺,སྸྭའོ
𗛻,སྡའ
𗛼,རྟྭའྀ
𗛾,ཁཡེ
𗛿,སྐའོ
𗜀,ཙའིག༹
𗜁,སྗོས
𗜂,སྸྭའོས
𗜃,ཏའོས
𗜄,ཡོས
𗜅,ཝུས
𗜆,སྠེ༹
𗜇,གའུ
𗜈,ཟའོམས
𗜉,ཡཡྀ
𗜊,ཅ
𗜋,གོམས
𗜍,སཡ
𗜎,རྸོས
𗜏,འམའྀ
𗜐,འམའྀ
𗜑,པཨ
𗜓,ཤས
𗜔,ཇཨས
𗜕,ཀཨེ
𗜖,ཅོས
𗜗,ལོམས
𗜘,བཡེས
𗜙,ཅེས
𗜚,ཇཨོ
𗜜,ཡོས
𗜝,སྒེས
𗜞,ཆོ
𗜟,འགིག༹
𗜠,ཁྭཡི
𗜡,ཚའོམས
𗜢,སྟྭའིས
𗜣,སྡུ༹
𗜤,ཀིག༹
𗜥,ཀཡེ
𗜦,སྡྭི༹
𗜧,མའེ
𗜨,མའྀས
𗜩,ལའས
𗜪,ལའིག༹
𗜫,སཡི
𗜬,འདོ༹
𗜭,སྡའ
𗜮,འདུ༹
𗜯,ད༹འྀས
𗜰,ཙའུམ
𗜱,ཤཨོས
𗜲,ཛའི
𗜳,ཇཨམས
𗜴,ཁའུ
𗜵,ལའེས
𗜶,འཝའི
𗜷,འབའོས
𗜸,གའུས
𗜹,སྡི༹
𗜻,དྭའུས
𗜼,སྯེམས
𗜽,རྸྀ
𗜾,སྱི
𗜿,ཚཡེས
𗝀,ཚཡེས
𗝁,ལའོ
𗝂,རྸྀས
𗝃,པཨེམས
𗝄,སྭམས
𗝆,སྠའོམ
𗝇,ཟའོམས
𗝈,འཟའིག༹ས
𗝉,སྭའས
𗝊,སྭཡི
𗝋,འགས
𗝌,ཤས
𗝍,སྡའ
𗝎,ཁའུ
𗝏,སྡའུས
𗝐,ག༹འས
𗝑,ཇཨ
𗝒,སྒྀ༹
𗝓,ཀཨྀས
𗝔,རྸའུས
𗝕,ལུ
𗝖,ཁའེ
𗝗,ནའོ
𗝙,རྩའོམ
𗝚,སཡྀ
𗝛,རྣའིས
𗝜,རྡྀས
𗝝,རྔྭའྀ
𗝞,འདའེས
𗝟,སྒུས
𗝠,སཡི
𗝡,འད༹འ
𗝢,ལའམ
𗝣,སྡའ
𗝤,རྸའིས
𗝥,རྨའུ
𗝦,སཡི
𗝧,སྪའ
𗝨,སྟའོམ
𗝩,ཛའོམ
𗝪,ཀའམ
𗝫,ཁཨིག༹ས
𗝬,རྸའིས
𗝭,ཝའེས
𗝮,སཡེས
𗝯,པཨ
𗝰,འརྨའ
𗝱,རྭའེས
𗝲,མཡྀས
𗝳,འནས
𗝵,ག༹ཨེ
𗝶,ཅས
𗝷,ཀའིག༹ས
𗝸,གཡེས
𗝹,སྭའུ
𗝺,འནའས
𗝻,ཀྭའྀས
𗝼,སྡིས
𗝽,འཕོས
𗝾,སྟེམ
𗝿,ཆེ
𗞀,རྸེས
𗞁,སྫིས
𗞂,ལའུས
𗞃,འདའྀ
𗞄,རྸའུ
𗞅,ཅྭམ
𗞆,གའུས
𗞇,ཆོ
𗞈,བཨིས
𗞉,སཡི
𗞊,འཔའུ
𗞋,ཐོ༹མས
𗞌,ཞཡིག༹
𗞍,ཀག༹
𗞎,སྭི
𗞏,སྣྭའུ
𗞐,ཙཡིས
𗞑,སྡྭེ༹
𗞒,ཞྭཨྀ
𗞓,ནྭཡྀ
𗞔,ཤ
𗞕,འཕའེས
𗞖,ཕི༹མ
𗞗,ཤཨིག༹
𗞘,རྸྀས
𗞙,ཏྭཡེ
𗞚,འགཨེ
𗞜,རྱུ
𗞝,གཡེས
𗞞,དཡས
𗞟,སྐའོ
𗞠,ཧཨེམས
𗞡,པཨོ
𗞢,བའམ
𗞣,གྀ༹
𗞤,རྔྭའིས
𗞥,ལའེས
𗞦,རྐུ
𗞧,སྡའ
𗞨,ཀཨྀས
𗞩,ནཡིས
𗞪,རྒ༹ཨེས
𗞫,ཅི
𗞬,རེམས
𗞭,ཝའི
𗞮,འདིས
𗞯,ཧའུས
𗞰,འནེ
𗞱,ལིས
𗞲,དའོས
𗞳,ཤྭུས
𗞴,རྨེས
𗞵,རྸུ
𗞶,ནཡེས
𗞷,ཀྭམས
𗞸,སྩའྀ
𗞺,ཐོ༹མ
𗞻,ཀཨྀས
𗞼,ནཡུས
𗞽,བཨ
𗞾,ཀྭའོམས
𗞿,ཚྭཡེ
𗟀,རྸའས
𗟁,ཐྭའོས
𗟂,འགཨེ
𗟃,གི༹ག༹ས
𗟄,ལྀ
𗟅,ཁཨྀས
𗟆,ཐོ༹མ
𗟇,སྩའྀ
𗟈,འམྀས
𗟉,ཞྭཨྀ
𗟊,རེམས
𗟋,ཝའི
𗟌,ཐའོས
𗟍,རྱུ
𗟎,ཛྭཡྀས
𗟏,སྡེ༹མས
𗟐,སྐུ
𗟑,ཡཡི
𗟒,པཨི
𗟓,ཏའམ
𗟔,ཀའོ
𗟖,ཀོམ
𗟗,ཕཡི
𗟘,པོ
𗟙,རྠྭའྀ
𗟚,རྡོ༹
𗟛,སྦའས
𗟜,རྫྀ
𗟝,ག༹ཨེ
𗟞,སྡ༹འི
𗟟,སྤའོ
𗟠,ཇུ
𗟡,ལྭའུས
𗟢,གཡིས
𗟣,འདྀ༹ས
𗟤,ཅཨིག༹
𗟥,སྟེ
𗟦,མའམ
𗟧,རྸིས
𗟨,ཐྭ༹ཡི
𗟪,གཡིས
𗟫,རྣིས
𗟬,སྡྭེ༹ས
𗟭,ཝའོས
𗟮,འརྐེས
𗟯,ཆོས
𗟰,ཐྭ༹ཡི
𗟱,པཡྀ
𗟲,འངྭའུ
𗟳,ངྭའུ
𗟴,འཁྀས
𗟵,ཡའས
𗟶,རྱི
𗟷,པཡྀ
𗟸,ཀའ
𗟹,ནཡེས
𗟺,སྤྀ
𗟻,ཕཡི
𗟼,དཡི
𗟽,རྨོས
𗟾,ཀའ
𗟿,ཕཡི
𗠀,ཛྭའྀ
𗠁,འབའུས
𗠂,རྸའིས
𗠃,སྟུ
𗠄,ཀའ
𗠅,འགྀ
𗠆,པཨོ
𗠇,སྟི
𗠈,ཛོ
𗠉,རྨའྀ
𗠊,ཇམ
𗠋,ཆཨ
𗠌,ཝ
𗠍,སྟུ
𗠎,ཁའྀ
𗠏,འཀའོས
𗠐,འདའུས
𗠑,རྐའས
𗠒,བཡྀ
𗠓,སྦས
𗠔,ཕོས
𗠕,ཐཡས
𗠖,རྒ༹འ
𗠗,པཡི
𗠘,སྐྀས
𗠙,རྦཨྀ
𗠚,སྠའེས
𗠛,སྡུ༹ས
𗠜,བཡིས
𗠝,ཨའ
𗠞,ནྭཡིས
𗠟,འཤོ
𗠠,འདའོས
𗠡,བཡྀ
𗠢,འཕྀ
𗠣,སྦའོམས
𗠤,ཛཡིས
𗠥,འདོ
𗠦,སྟི
𗠧,སྐྀས
𗠨,ཇྭུས
𗠩,མཡི
𗠪,བཡིས
𗠫,ཇྭིག༹ས
𗠬,ཇྭིག༹ས
𗠭,ཀཨི
𗠮,ཡག༹ས
𗠯,རྪ
𗠰,ཐཡི
𗠱,ཐཡེ
𗠲,འདའོ
𗠳,ཤཨིས
𗠴,འཨཨས
𗠵,སྤའས
𗠶,འཞྀ
𗠷,ཕོས
𗠸,འདྀས
𗠹,འཛིས
𗠺,འལིས
𗠻,འརྠའ
𗠼,འདེ༹ས
𗠽,ཀའ
𗠾,སྩའུས
𗠿,མོ
𗡀,ལའོ
𗡁,སྒས
𗡂,ཐའོས
𗡃,ཚའེས
𗡄,ཛཡིས
𗡅,ཛི
𗡆,རྥའྀ
𗡈,རྱག༹ས
𗡉,སྦའིས
𗡋,ཛཡིས
𗡍,སྤཨི
𗡎,ལིས
𗡏,འམའི
𗡐,ཀའ
𗡑,འམའི
𗡒,ཕའྀས
𗡓,ཐག༹ས
𗡔,སྔྭའུ
𗡕,ནཡུས
𗡗,རྱག༹ས
𗡘,འདྀ
𗡙,ཡོམས
𗡚,ཙའིག༹ས
𗡛,ལིས
𗡜,སྐེ
𗡝,ཀཡ
𗡞,སྟའུ
𗡟,རྨེས
𗡠,རྨེས
𗡡,འཝའྀ
𗡢,འཏོ
𗡣,ཛའིས
𗡤,འམ
𗡥,རྱྀས
𗡦,རྱྀས
𗡧,འཛིས
𗡨,ཇཨོས
𗡩,ཧྭའི
𗡪,ཙའིག༹ས
𗡫,ཤཨོས
𗡬,ལེམ
𗡭,ཁའྀ
𗡮,ཤྭོས
𗡰,འད༹
𗡱,སཡེ
𗡳,ལའེས
𗡴,ཤྭ
𗡵,འདེ
𗡶,ཤེ
𗡷,ཎོམས
𗡸,སཡིས
𗡹,རྐའོམས
𗡺,འརྦེས
𗡻,ལྀ
𗡼,འརྦེས
𗡽,ཅྭཨེམས
𗡾,ནའོས
𗡿,སྭའ
𗢀,སྭའ
𗢁,ཧའྀ
𗢂,ཧའྀས
𗢃,རྒྭྀ
𗢄,ཤྭམས
𗢅,ནཡིས
𗢆,ཤྀ
𗢇,ཀིག༹
𗢈,ཙའ
𗢉,ཙའ
𗢊,སྭུས
𗢋,ཇེས
𗢌,པའིམ
𗢍,ནཡིས
𗢎,རྒ༹འ
𗢏,སཡིས
𗢐,ཨྭའུ
𗢑,རྸིས
𗢒,ཛའུས
𗢓,སྒ
𗢔,རྸིས
𗢕,འརྠྀ༹
𗢖,ཚྭེམ
𗢗,ཆྭིག༹ས
𗢘,སྶྭུས
𗢙,རྣས
𗢚,སྯོ
𗢛,ཡུ
𗢝,ཡུ
𗢞,འདེ༹ས
𗢟,ཅྭིས
𗢠,མའྀས
𗢡,སྭའི
𗢢,སྫིས
𗢣,ཐ༹ཡིས
𗢤,ལའས
𗢥,འདའ
𗢦,གཡིས
𗢧,འརྨའེས
𗢨,ཛྭོས
𗢩,ཙཡ
𗢪,པཡི
𗢫,ཐ༹ཡྀ
𗢬,ཛིག༹
𗢭,འགྀ
𗢮,གྭཡི
𗢯,ཐྭ༹ཡ
𗢰,ནའ
𗢱,ཚའོམ
𗢲,འགས
𗢳,ཐའ
𗢴,རྸེས
𗢵,རྭའོ
𗢶,ཇོམ
𗢷,འཁྀས
𗢸,ད༹ག༹ས
𗢹,ཡཡྀ
𗢺,རྸིས
𗢻,མའིས
𗢼,སྯེས
𗢽,དཡེས
𗢾,སྐྭེམས
𗢿,ཚྭིམ
𗣀,རྸེས
𗣁,ཐ༹ཡྀ
𗣂,ཐ༹ཡྀ
𗣃,གྭཡིས
𗣄,ཐའོས
𗣅,ངྭའུས
𗣆,ཚཡས
𗣇,གོམས
𗣉,འད༹འ
𗣊,མཡིས
𗣋,ཁམས
𗣌,མཡིས
𗣍,མའྀས
𗣎,རྸའས
𗣏,སྡུ༹ས
𗣐,སྟྀ
𗣑,དའུས
𗣒,ལའོམས
𗣓,གཨི
𗣔,ཏའུ
𗣕,སྭི
𗣖,ཤོུ
𗣗,སྯེས
𗣘,ཅོུ
𗣙,ཐའིག༹
𗣚,ནའོས
𗣛,ཀའིག༹
𗣜,ཐཡུས
𗣝,མའེ
𗣞,རྩྭའྀ
𗣟,རྭེ
𗣠,སྡེ
𗣡,ཐཡྀས
𗣢,ཛིག༹
𗣣,ཚཡི
𗣤,པཡྀ
𗣥,གོམས
𗣦,ཤྭིག༹
𗣧,ཕའོ
𗣨,ཐཡེ
𗣩,ཐའས
𗣪,སྦི
𗣫,ཙའེམ
𗣬,ཝོ
𗣭,ཚིམ
𗣮,ཡཡེ
𗣯,སྡེ
𗣰,ཀྭཡི
𗣱,སྫིས
𗣲,བཨོ
𗣳,སྶེས
𗣴,ཝའིམ
𗣵,བཨེ
𗣶,གཡྀ
𗣸,འནེ
𗣹,ཙཡིས
𗣺,རྸའས
𗣻,ཐ༹ཡྀ
𗣼,ཆས
𗣽,ལིས
𗣾,གཡྀས
𗣿,སྠྭེ༹
𗤀,ཤེ
𗤁,ཆཡིག༹
𗤂,དཡིས
𗤃,འནཨས
𗤄,རྱྀ
𗤅,འམེ
𗤆,ལྀས
𗤇,དའིག༹ས
𗤈,འགི
𗤉,ངའས
𗤊,སའུས
𗤋,མཡེ
𗤌,ཏའུ
𗤍,བཡེས
𗤎,འརྶའ
𗤏,འརྐྀས
𗤐,ཀའ
𗤑,ཕཡེ
𗤒,ཀིག༹
𗤓,འཐོ
𗤔,མཡུས
𗤕,ཙའམ
𗤖,སྟེ
𗤘,དེམས
𗤙,དའས
𗤚,མའིས
𗤛,ཅོམ
𗤜,ལོམ
𗤝,ཅི
𗤞,པེམ
𗤟,རྩི
𗤠,རྭའ
𗤡,འགི
𗤢,བཡིས
𗤣,མཡ
𗤤,ཐའུ
𗤥,སྒ
𗤦,ཤཨྀས
𗤧,སྕུ
𗤨,ཇུས
𗤩,གྭ༹མ
𗤪,རྔའིག༹
𗤫,འརྐྀས
𗤬,འནིས
𗤭,ཡྭིམ
𗤯,སྫིས
𗤰,རྖྭྀས
𗤱,རེམས
𗤲,ཚའོམས
𗤳,མའྀས
𗤴,བཡེས
𗤵,རྕྀ
𗤶,འནེ
𗤷,སྐའ
𗤸,ཅི
𗤹,ག༹ཡུ
𗤺,ཐྭ༹ཡྀས
𗤻,སྭ
𗤼,ནའ
𗤾,ལོས
𗤿,ཐ༹ཡྀ
𗥀,ལིས
𗥁,ཤོམས
𗥂,འཁའེ
𗥃,འརྡྀ༹
𗥄,སྟྀ
𗥅,སྟྀ
𗥆,རྨེས
𗥇,སྟྀ
𗥈,ཐའྀ
𗥉,འདའེས
𗥊,འགེ
𗥋,འམའྀ
𗥌,ནཡེ
𗥍,སྒུས
𗥎,རྒའས
𗥏,སྸྭའོམས
𗥐,རྣོ
𗥑,ཧའུ
𗥒,ངའོས
𗥓,ངའོས
𗥔,འཐ༹འིག༹ས
𗥕,ཟའུས
𗥖,ཏྭཡྀ
𗥗,ཕའྀ
𗥘,སྡ༹ཨི
𗥙,ཚའམ
𗥚,སྯྭིས
𗥛,རྸྀ
𗥜,སྐྭའྀ
𗥝,འདའུ
𗥞,འགུས
𗥟,ལས
𗥠,འམེས
𗥡,ལའུས
𗥢,སྗའྀས
𗥣,ཙའུས
𗥤,ཙཡེས
𗥥,རྸི
𗥦,ག༹འུ
𗥧,རྑ
𗥨,ཇོག༹
𗥩,ལྭཡུས
𗥪,ལེམས
𗥫,ཡཡེ
𗥬,ཡཡེ
𗥭,ལཨེས
𗥮,རྐུས
𗥯,སྒྭི
𗥰,ལས
𗥱,ཛའེས
𗥲,པའིམས
𗥳,སྡི༹ས
𗥴,ཁའོམ
𗥵,ཁའྀས
𗥶,ལུས
𗥷,འད༹འ
𗥸,ངྭའུས
𗥹,ལའོས
𗥺,འངྭའྀ
𗥻,ཕཨི
𗥽,འརྕྀས
𗥾,གཡྀས
𗥿,སྤས
𗦀,ཧའོ
𗦁,སྒ༹ཨིས
𗦂,ཛཡི
𗦃,ཧྭའེས
𗦄,འརྡའེས
𗦅,འཁེ
𗦆,ཙིམ
𗦇,ད༹འིག༹ས
𗦈,ཐའིག༹
𗦉,བཡེས
𗦊,སྠྭེ༹
𗦋,ནའེས
𗦌,སྭའམ
𗦎,རྸའས
𗦏,རྒྀ༹
𗦐,ཐ༹ཡྀ
𗦑,ཧའུ
𗦒,རྔྭའྀས
𗦓,དཡྀ
𗦔,སའོས
𗦕,ཆཨམ
𗦖,རྨེས
𗦗,སའོས
𗦘,ཁཨྀ
𗦙,སྶི
𗦚,ཚའོམ
𗦛,རྫའྀས
𗦜,སོས
𗦝,སྗེས
𗦞,སྐྭྀ
𗦟,མའྀས
𗦠,འཝའྀ
𗦡,ཡོམས
𗦢,ཛའས
𗦣,ནྭཡི
𗦤,འདེ༹
𗦥,ཛེམ
𗦦,འནཨས
𗦧,རྨེས
𗦨,རྞ
𗦩,སྟོ
𗦪,སྠྀ
𗦫,ཡིག༹
𗦬,གའུས
𗦭,ཟའུས
𗦮,ཕཡེ
𗦯,ག༹འུ
𗦰,རྴཨ
𗦱,ཧྭའ
𗦲,རྸིས
𗦳,ཛཡུས
𗦴,འམའིས
𗦵,པའྀ
𗦶,ཞཡིག༹
𗦷,སྡི༹ས
𗦸,འནིས
𗦹,ཝི
𗦺,ཕའམ
𗦻,འམེས
𗦼,ཞཡིག༹
𗦽,ནའ
𗦾,འནྱུ
𗦿,པེམ
𗧀,ལའིག༹
𗧁,རྸེས
𗧃,གཡིས
𗧅,རྒྀ༹
𗧆,ཏཡ
𗧇,རླྭའྀས
𗧈,སྭཡྀ
𗧉,ཝིས
𗧊,ཏའོས
𗧋,རྸའེས
𗧌,ནའོས
𗧍,ཀའོམ
𗧎,སྐཨེ
𗧏,ཆོ
𗧐,བཨིས
𗧑,ཕཨ
𗧒,ཐ༹ཡྀ
𗧓,ངའས
𗧔,སྡ༹འུ
𗧕,ལུས
𗧖,ཅཨོམས
𗧗,ཆྭེམ
𗧘,ཝའོས
𗧙,དྀ༹ས
𗧚,དེམ
𗧛,སྒེ
𗧜,འཐ༹འུས
𗧝,མོས
𗧞,ཙཡིས
𗧟,འཞྀ
𗧠,སྐཨེས
𗧡,འཙེ
𗧢,དཡྀས
𗧣,ནའ
𗧤,ཕཡ
𗧥,རྯིས
𗧦,གཡྀས
𗧧,ལིས
𗧨,རྸའེས
𗧩,བའོས
𗧪,པའེ
𗧫,ཕཨོས
𗧬,སྠའོམས
𗧭,རྒྀ༹
𗧮,དཡིས
𗧯,འནྱེ
𗧰,ཁཡེ
𗧱,སྭཡྀས
𗧲,ལའིག༹ས
𗧳,འཁས†
𗧴,ཐཡུས
𗧵,འརྶའ
𗧶,ནཡིས
𗧷,སྡྭ༹འུ
𗧸,སྯེས
𗧹,རྒི
𗧺,ཐའོམ
𗧼,ཛཡུས
𗧽,རྩའོམས
𗧾,ཐཡྀས
𗧿,མའིས
𗨁,ཕཡུས
𗨂,ཡེམ
𗨃,ལའས
𗨄,ཡིག༹ས
𗨅,ཐ༹ཡྀ
𗨆,ཤཨེམས
𗨇,ཅོུ
𗨈,རྦའི
𗨉,ནཡིས
𗨊,འརྐྀས
𗨋,གྭ༹འྀས
𗨌,ནྭཡྀ
𗨍,ཧྭཨ
𗨎,རྔའིག༹
𗨏,ཇོམ
𗨐,པའེ
𗨒,རྸའིས
𗨓,སའ
𗨔,ནའིག༹
𗨕,འབཨོས
𗨖,པཨ
𗨗,འཛའུས
𗨘,བའས
𗨙,སྠེ༹ས
𗨚,འརྐའ
𗨛,རྸྀས
𗨜,ཛའི
𗨝,ཤིམ
𗨞,སྠེ༹ས
𗨟,སྗཨི
𗨠,ཐ༹ཡྀ
𗨡,སྡེ
𗨢,ལིས†
𗨣,གའུ
𗨤,ཛོས
𗨥,ཙྭཡྀ
𗨦,བའྀས
𗨧,ཀྭཡྀ
𗨨,རྸའོས
𗨩,པའ
𗨪,ཀཡྀས
𗨫,ག༹འུས
𗨬,རྸའུ
𗨭,སྮེ
𗨮,སྐས
𗨯,འརྕྀས
𗨰,ལའས
𗨱,ནཡུས
𗨲,སྟི
𗨳,སྟི
𗨴,ད༹འོམས
𗨵,སྐྭྀ
𗨶,ཏའོས
𗨷,ཐ༹ཡྀ
𗨸,ག༹ཨྀ
𗨹,སྒ༹འྀ
𗨺,སྡེ༹ས
𗨻,ཝའིས
𗨼,ཇེས
𗨾,ཧའེས
𗨿,རྟྭ
𗩀,འརྐྭྀ
𗩁,སྦཨི
𗩂,རྨེས
𗩄,དའོ
𗩅,ཐོ༹མས
𗩆,གྭཡིས
𗩇,ཝའིམ
𗩈,འབུས
𗩉,སྶི
𗩊,རྩའོས
𗩋,མའྀ
𗩌,འཐུ༹
𗩍,འཝའྀ
𗩎,འཏའིག༹ས
𗩏,ཚའིས
𗩐,གའུས
𗩑,འགའུས†
𗩒,རྐྭའ
𗩓,ཡིག༹
𗩔,མའིས
𗩕,ཛའ
𗩖,ཛཡུས
𗩗,ཛེམ
𗩘,ནའོས
𗩙,ཕའུ
𗩚,དའུ
𗩛,ནའོས
𗩜,རྩའི
𗩝,སྤེམ
𗩞,བཡི
𗩟,སྕེ
𗩠,སྦའས
𗩡,ཝེས
𗩢,ཤྭག༹
𗩣,སྴུ
𗩤,བཡིས
𗩥,བའོ
𗩦,ཀའོས
𗩧,འམའིས
𗩨,སྩའྀ
𗩩,ཝཨམས
𗩪,སྠ༹འོས
𗩫,འམྀ
𗩬,ཤིས
𗩭,ཅོམ
𗩮,ཀཡེ
𗩯,སྭཡེ
𗩰,ཀྭའ
𗩱,ནྭཡིས
𗩲,ཝིས
𗩳,ཇྭཨི
𗩴,འནའིག༹ས
𗩵,བའྀས
𗩶,ཆྭེམ
𗩷,ཡཡི
𗩸,རྑ
𗩹,ཡཡི
𗩻,ཅོག༹
𗩼,འད༹འ
𗩽,རྕཨོས
𗩾,ཟཡིས
𗩿,སཡིས
𗪀,འཁུས
𗪁,གཡིས
𗪂,ཀོ
𗪃,ཐའུ
𗪄,ཐའུ
𗪅,ཅཨོས
𗪆,འསྭྀ
𗪇,བའུ
𗪈,མའྀས
𗪉,སྯྭི
𗪊,བཡི
𗪋,འཁྀས
𗪌,འརྐྭྀ
𗪍,མའྀ
𗪎,ནཡིས
𗪏,སཡི
𗪐,ཀཨེས
𗪑,རྑྭ
𗪒,སྐའུས
𗪓,ཚཡས
𗪔,ལའོམས
𗪕,འབིས
𗪖,ལའོམས
𗪗,རྫྭྀ
𗪘,ཤི
𗪙,རྨའུ
𗪚,དའུ
𗪛,ཇྭོམ
𗪜,རྣོ
𗪝,སྒྭ༹འེ
𗪞,ཡུ
𗪟,ག༹འུ
𗪠,ག༹འུ
𗪡,གྭོས
𗪢,ཛག༹
𗪣,ཕའོམས
𗪤,སྕི
𗪥,སྕི
𗪦,པཨ
𗪧,སྴུ
𗪨,མཨེས
𗪩,སྤེམ
𗪪,ཤྭུ
𗪫,སྡི༹ས
𗪬,ཀའོམ
𗪭,འདའྀ
𗪮,འམའིས
𗪯,གཡིས
𗪰,གཡིས
𗪱,བའྀ
𗪲,ག༹ཡིག༹
𗪳,ཝའིས
𗪴,དའིག༹ས
𗪵,ཅཨེ
𗪷,དཡྀས
𗪸,རྸའས
𗪹,ཛའོས
𗪺,ག༹ཨི
𗪻,རྨའ
𗪼,སྟེམས
𗪽,རྦའུ
𗪾,སྐའུ
𗪿,ལ
𗫀,རྣོ
𗫁,གྭ༹ཨི
𗫂,ཏཡ
𗫃,ཕའོམ
𗫄,ཛྭཡྀ
𗫅,ནའིག༹
𗫇,སྴུ
𗫈,སཡེ
𗫉,འབཨེ
𗫊,བའྀ
𗫋,ཆོམ
𗫌,ནཡི
𗫍,ཤི
𗫎,འམྀ
𗫏,སྠྭི
𗫐,སའུ
𗫑,ནཡུས
𗫒,འབའ
𗫓,རྴོ
𗫔,ཡཡི
𗫕,འཐའོ
𗫖,ཡྭིམ
𗫗,རྒྭྀས
𗫙,ལའྀས
𗫚,ཁྭཡིས
𗫛,སྡི༹ས
𗫜,ཡིག༹ས
𗫞,སྫིས
𗫟,ཕའོམ
𗫠,རྒྭྀ
𗫡,ནཡྀས
𗫢,བའྀ
𗫣,འཔའ
𗫤,ནཡུས
𗫥,སྗྀ
𗫦,ག༹ཨིག༹
𗫧,ནྭཡྀ
𗫨,རྡྭའིག༹ས
𗫩,འརྗྀ
𗫫,ཧའོམས
𗫬,འཅཨས
𗫭,སྠུ༹ས
𗫮,དའམ
𗫯,ཐ༹ཡིས
𗫱,ཁམ
𗫲,ཁཡེ
𗫳,རྐཨི
𗫴,འམ
𗫵,རྐཨི
𗫶,དཡེས
𗫷,དཡེས
𗫸,སྱིས
𗫹,གྭ༹འྀ
𗫺,ཚྭིམ
𗫻,འཇེ
𗫼,སྡྀ༹ས
𗫽,ཁཡེས
𗫾,སྡྀ༹ས
𗫿,ཀྭཡི
𗬀,ལྭའུས
𗬁,དེམས
𗬂,རྭའ
𗬃,སའི
𗬄,ཙྭའ
𗬅,འམ
𗬆,ཕའི
𗬇,ལའས
𗬈,ཝའིས
𗬉,སའི
𗬊,གྭ༹འྀ
𗬋,གྭ༹འེ
𗬌,ཟའིམ
𗬍,གཡུས
𗬎,ཤོམ
𗬏,རེམས
𗬐,སའྀ
𗬑,ཅྀ
𗬒,དའས
𗬓,ཚྭཡུ
𗬔,སྠ༹
𗬕,རྨེས
𗬖,ཝའིས
𗬗,ཝའིས
𗬘,ལོས
𗬙,ཆུས
𗬚,འནྀ
𗬛,རྸའིས
𗬜,སྐོ
𗬝,རྸའིས
𗬞,སྦེ
𗬟,རྯའིས
𗬠,བའ
𗬡,བིམ
𗬢,གྭཡྀ
𗬣,པའྀ
𗬤,ཤུས
𗬥,དཡེ
𗬦,ཧའིག༹ས
𗬧,སྭའྀ
𗬨,པའྀ
𗬩,ཀཨི
𗬪,འཐ༹འོས
𗬫,རྡྀས
𗬬,དཡེས
𗬭,འཇས
𗬮,རྡྀས
𗬯,ཀྭའྀས
𗬰,ཎིས
𗬱,ཞུ
𗬲,འདཨས
𗬳,པའེ
𗬴,ལའེམ
𗬵,ཇྭོམ
𗬶,ཀྭཨ
𗬷,རྣོམས
𗬸,འནཨས
𗬹,རེམས
𗬺,རྸའས
𗬻,རྐོ
𗬼,རྱྀས
𗬽,རེམས†
𗬾,སྡུ༹ས
𗬿,རྣའིས
𗭀,རེམས
𗭁,རྦའུ
𗭂,སའོས
𗭃,ཧོམས
𗭄,སྟེམ
𗭆,སྟའ
𗭇,གཡེས
𗭈,བཡིས
𗭉,འཅྀས
𗭊,ཡཡེ
𗭋,ཅྀ
𗭌,དའོམས
𗭍,སྗེ
𗭎,འཅིས
𗭏,གཡེས
𗭐,ལའུས
𗭑,ཤུ
𗭒,ཁཡྀ
𗭓,ག༹ཨེ
𗭔,ལའེས
𗭕,ལའེས
𗭖,ཁཡྀས
𗭗,པཨྀས
𗭘,འཙའ
𗭚,སཡྀས
𗭛,སྭེམས
𗭜,འཇཨས
𗭝,ཐའོས
𗭞,བཡིས
𗭟,ལེ
𗭠,ཁའམས
𗭡,རྩྭྀ
𗭢,ཆྭིག༹ས
𗭣,ཐྭའོ
𗭤,སྤུ
𗭥,རྤས
𗭦,ཆྭིག༹ས
𗭧,སྡྀ
𗭨,སྭཡིས
𗭩,སྭའི
𗭪,སཡིས
𗭫,པཡི
𗭬,པཡི
𗭭,སྡྀ
𗭮,ཞོམ
𗭯,ཡོམ
𗭱,གཡས
𗭲,ཐའུས
𗭳,ཐའུས
𗭴,ཡོམ
𗭵,རྸེས
𗭶,གོས
𗭷,རྣའི
𗭸,པཨེས
𗭹,རྦའ
𗭺,རྤྀ
𗭻,འདེ༹ས
𗭼,སྭའིག༹
𗭽,སྡའིས
𗭾,བུ
𗭿,སྮྭེས
𗮀,བུ
𗮁,སྯྭེས
𗮂,ཕོ
𗮃,ཙྭཡི
𗮄,ཕའོམས
𗮅,རྸའེས
𗮆,སྡི༹
𗮇,རྡི
𗮉,འདི༹ས
𗮊,ཕོ
𗮋,ཀཨིག༹ས
𗮌,ཡཡི
𗮍,ཛཡིས
𗮎,འརྗྀ
𗮏,འགེ
𗮐,འཐའུ
𗮑,འཐའུ
𗮒,མཡྀ
𗮓,འདྀ༹ས
𗮔,སྭའིག༹
𗮕,འམྀ
𗮖,ཤྭིས
𗮗,བཡྀ
𗮘,ཤྭིས
𗮙,ཤྭི
𗮚,སྦི
𗮛,ཅཨོམ
𗮝,ཐ༹ཨོམས
𗮞,རྴྭ
𗮟,ཚྭའི
𗮠,སྡི༹ས
𗮡,བཡྀ
𗮢,ཐ༹ཨོམས
𗮣,བུ
𗮤,ཐའུས
𗮥,མཡྀས
𗮦,འཅི
𗮧,ཞཨིས
𗮨,ཁཡིས
𗮩,སྡི༹ས
𗮪,སའུས
𗮫,ཆྀས
𗮬,འདྀ༹ས
𗮭,སྡི༹ས
𗮮,འནིས
𗮯,ཤྭག༹
𗮰,སཡིས
𗮱,སཡས
𗮲,སྒེས
𗮳,རྒུ
𗮴,འམ
𗮵,ག༹འུས
𗮶,འརྤྭྀས
𗮷,ཟྭཡྀ
𗮸,སྤའྀ
𗮹,སོས
𗮺,སྩའྀ
𗮻,བུ
𗮼,སྤེས
𗮽,རྸེས
𗮾,རྣའིས
𗮿,སྐྭྀ
𗯀,ཤིག༹ས
𗯁,ཤིག༹ས
𗯂,ཝཨེམ
𗯃,རྸུས
𗯄,སྐས
𗯅,སྭའུ
𗯆,སྨྀས
𗯇,འད༹འེ
𗯈,སྭི
𗯉,འདྀ༹ས
𗯊,ཁམས
𗯋,བཡེས
𗯌,ཚའིས
𗯍,ཁམས
𗯎,སྟྭྀ
𗯏,འབའྀ
𗯐,རྒ༹འོས
𗯑,ཚོ
𗯒,ཚའས
𗯓,ཛོ
𗯔,ལའེས
𗯕,ལའེས
𗯖,སྑྭའུས
𗯗,ལའེས
𗯘,ལའོས
𗯙,གྭཡྀ
𗯚,འགའུས
𗯛,ཀྭཡྀ
𗯜,ཐ༹འེས
𗯝,ཐ༹འེས
𗯞,བཡེ
𗯟,ངྭའུས
𗯠,སྑྭའུས
𗯡,ལའེས
𗯢,གྭཡྀ
𗯣,འགའུས
𗯤,ཀྭཡྀ
𗯥,ཐ༹འེས
𗯦,ལེམས
𗯧,འཁྀས
𗯨,རྸུ
𗯩,སྟྭའུ
𗯪,ཏཡུ
𗯫,སྡོ༹ས
𗯬,རྭའེས
𗯭,ཝའེ
𗯮,འཐྭའུ
𗯯,ཏཡེས
𗯰,ཐཡིས
𗯱,སྒྭྀ༹
𗯲,ལཡུས
𗯳,ནྭཡྀ
𗯴,ཁཡུ
𗯵,ཅྀ
𗯶,རྨའེས
𗯷,སྐྭེམ
𗯸,པའམ
𗯹,ལཡུས
𗯺,རྡྭ
𗯻,ཇག༹
𗯼,ཇག༹
𗯽,འརྨའ
𗯾,སྡུ༹
𗯿,རྭའེ
𗰀,འཐྭའུ
𗰁,ཇོུས
𗰂,ཧའོས
𗰃,ཚཡྀས
𗰄,གྭཡེ
𗰅,གྭཡེ
𗰆,ཐ༹ཡ
𗰇,ཐ༹ཡ
𗰈,ཇྭག༹ས
𗰉,ཐོ༹མ
𗰊,རྩའ
𗰋,རྩའ
𗰌,རྩའ
𗰍,ཇཨིག༹
𗰎,སྸྭའུ
𗰏,མཡེས
𗰐,མཡེས
𗰑,རྟྀ
𗰒,བའོམས
𗰓,སྡོ༹ས
𗰔,ཡིག༹ས
𗰖,འཤཨོ
𗰗,སྒ༹འས
𗰘,ཨྭའུས
𗰙,སྑྭིས
𗰚,འདྀ༹
𗰛,སྫེ
𗰜,རྨའྀས
𗰝,སྤཨི
𗰞,ནག༹
𗰟,ཡྭཡིས
𗰠,འཤཨི
𗰡,ཀའས
𗰢,འགས
𗰣,སྯེ
𗰤,ལའས
𗰥,ཁྭའ
𗰦,ལྭའོ
𗰧,ཐོ༹མས
𗰨,ཡིག༹ས
𗰩,སྒྭ༹འོམ
𗰪,འཐ༹འིག༹ས
𗰫,ཏའོ
𗰬,ཏའོ
𗰭,ཤ
𗰮,རྭའྀ
𗰯,ཐ༹ཡྀ
𗰰,རྐིས
𗰱,གའུ
𗰳,ཐ༹ཡྀ
𗰴,གའུ
𗰵,གའུ
𗰷,རྯྭའྀ
𗰸,ཁྭཡྀ
𗰹,ཙའོམས
𗰺,སྫྭྀ
𗰻,ཐ༹ཡིས
𗰼,ཨྭའོ
𗰽,སྫྭྀ
𗰾,སྣྭིས
𗰿,ཡྭཡིས
𗱀,ཨྭའོ
𗱁,ཐཡྀ
𗱂,སཡི
𗱃,ཐཡྀ
𗱄,སྠྀས
𗱅,སྠི༹ས
𗱆,ངྭའིས
𗱇,ལའིས
𗱈,ད༹འིས
𗱉,ཐ༹ཡེས
𗱊,སྠཨྀས
𗱋,སྠྀས
𗱌,ཐའུས
𗱍,འཐའུ
𗱎,ཅཨ
𗱏,པའུ
𗱐,འཐའོས
𗱑,ཅིག༹ས
𗱒,འགཨེ
𗱓,སྗྀས
𗱔,ཧའམ
𗱕,རྸུ
𗱖,ཞྭུས
𗱗,སྕེ
𗱘,རྒ༹ཨྀ
𗱙,རྐའུ
𗱚,འཛུས
𗱛,མའྀས
𗱜,འདུ༹ས
𗱝,ཇྭཨི
𗱞,ལའམ
𗱠,ཇེ
𗱡,ཞྭུས
𗱢,ནཡ
𗱣,འཝི
𗱤,སྕེས
𗱥,ཐ༹ཡིས
𗱦,ཀའྀ
𗱧,འམའེས
𗱨,འདུ༹ས
𗱩,ནྭཡེ
𗱪,ཡི
𗱫,འསུ
𗱬,པའྀ
𗱭,ཤིག༹ས
𗱮,སྟེམ
𗱯,འདའིག༹ས
𗱰,ལའམ
𗱱,ཚཡས
𗱲,སྡུ
𗱳,རྸེ
𗱴,སྭིས
𗱵,ལའིས
𗱶,དའུ
𗱷,ཀའྀ
𗱸,སྡ༹འུ
𗱹,རྯའིག༹
𗱺,འམའེས
𗱻,ནའ
𗱼,ཁྭའ
𗱽,ཛཡྀ
𗱾,འདའིག༹ས
𗱿,སྒྭྀ༹
𗲀,ལའོས
𗲁,ཅཨ
𗲂,རྔའུ
𗲃,སྡེ༹མས
𗲄,ཆཨོམ
𗲅,ཆྭཨེམ
𗲆,རྒྀ༹
𗲇,སྭའྀ
𗲈,གི༹ག༹ས
𗲉,ཇོས
𗲊,ཐཡྀས
𗲋,སྡ༹འུ
𗲌,མཡ
𗲍,རྡོ༹
𗲎,རྭེས
𗲏,སྣས
𗲐,སྦེ
𗲑,འདའིག༹ས
𗲒,ཨེམ
𗲓,སྦའོ
𗲔,རྔའུ
𗲕,ཙའི
𗲖,ཚའིག༹ས
𗲗,རྶྀ
𗲘,རྸུ
𗲙,ཇྭི
𗲚,ཀྭའེ
𗲛,ཀྭའེ
𗲜,ཀའྀ
𗲝,ཀཨྀས
𗲞,རྸའ
𗲟,པའྀ
𗲠,ངའ
𗲡,ཧའིམས
𗲢,སྡ༹འུ
𗲣,ཡཡེ
𗲤,ཐའྀ
𗲥,ཙཡེས
𗲦,འཝི
𗲧,འམའེས
𗲨,རྯི
𗲩,འཁྭའ
𗲪,ཇའམ
𗲬,འཀཨས
𗲭,སྭའྀ
𗲮,རྯཨེས
𗲯,ཙྭཡེ
𗲰,ཀྭའེ
𗲱,ཆོམས
𗲲,སྡྭ༹འུ
𗲳,རྗྭྀས
𗲴,སྡུ༹
𗲵,ལའིས
𗲶,ཅཨིག༹
𗲷,འངྭའུས
𗲸,སྟྀས
𗲹,འཐུ༹
𗲺,ཤུས
𗲻,འཐའ
𗲼,ཙྭཡྀ
𗲽,རྱེ
𗲾,སྭའིམ
𗲿,མའེས
𗳀,མའེས
𗳁,མའེས
𗳂,རྸུས
𗳃,སྦི
𗳄,འརྐྀས
𗳅,ཝའིས
𗳆,ཐ༹འྀས
𗳇,སྫུ
𗳈,རྸ
𗳉,ཐཡེ
𗳊,ཅོམ
𗳋,གཡེ
𗳌,སྟེ
𗳍,སྶོས
𗳎,སཡི
𗳏,ཐེམ
𗳐,རྸ
𗳑,སྦའི
𗳒,ངྭའུས
𗳓,རྴྭ
𗳔,ཇྭ
𗳕,པཡེ
𗳖,ངྭའུས
𗳘,ངྭའི
𗳙,ཀའ†
𗳚,ཀའ
𗳛,ཀའ
𗳜,འཐི༹
𗳝,ཨྭའོ
𗳞,སྠ༹འ
𗳟,ཝའེམ
𗳠,འབིས
𗳡,ཤྭིས
𗳣,འབིས
𗳤,ཐྭ༹ཡྀས
𗳥,འཇུས
𗳦,ཀའ
𗳧,སྨཨི
𗳨,ཇཨས
𗳩,ཨྭའོ
𗳪,རྯའིས
𗳫,སྠི༹
𗳬,དྭཡུས
𗳭,རྱེས
𗳮,ཨྭའུས
𗳯,ཨྭའུས
𗳱,ཐཡས
𗳲,ཐེ༹མ
𗳳,ཤཨྀ
𗳴,ཆཨྀ
𗳵,འཛྭྀ
𗳶,ཆཨི
𗳷,སྖཨུ
𗳸,ཐཡས
𗳹,སྖཨུ
𗳺,ཐཡས
𗳻,ཅ
𗳼,གིག༹ས
𗳽,ལའོམས
𗳾,འཆཨས
𗳿,ཀའས
𗴀,སའོས
𗴁,ཀའས
𗴂,ཕཨོམ
𗴃,ཕཨོམ
𗴄,རྱྀས
𗴅,ཀཨིས
𗴆,ཇྭཡྀས
𗴇,སྡྭེ༹ས
𗴈,དའོམས
𗴉,ཕའེ
𗴊,ཐ༹འི
𗴋,ཀྭམ
𗴌,ཟའོམས
𗴍,ཏའོམ
𗴎,ཏའོམ
𗴏,ཙ
𗴐,རྒ༹འ
𗴑,ཁཨེམ
𗴒,སྐ
𗴓,རྸིས
𗴔,ལ
𗴕,པཡ
𗴖,ཝེས
𗴗,པཡེ
𗴘,གྭཡྀ
𗴙,ཟའིག༹ས
𗴚,པཡེ
𗴛,ཅོམས
𗴜,སྐྭའུས
𗴝,ཟའིག༹ས
𗴞,རྸིས
𗴟,པཡ
𗴠,སྟེམས
𗴡,འགའ
𗴢,འབུ
𗴣,རྭའྀ
𗴤,ཡིག༹ས
𗴥,མིག༹ས
𗴦,ཞག༹ས
𗴧,སྭིས
𗴨,སྶྀ
𗴩,སྶྀ
𗴪,རྨྀས
𗴫,ཀི
𗴬,ཅུ
𗴭,སྭའུས
𗴮,སྡེ
𗴰,གྭམ
𗴱,རྸོས
𗴲,ཇྭེས
𗴳,རྠ༹འེས
𗴴,རྸའེས
𗴵,སྡུ༹ས
𗴷,ལའས
𗴸,ཙྭའ
𗴹,ནའོས
𗴺,མཡ
𗴻,མའེ
𗴼,ཁིག༹ས
𗴾,ཝའེས
𗴿,སྐུ
𗵀,ཝའོམ
𗵁,ཁའུ
𗵂,དྀ༹
𗵃,ཝའི
𗵄,སྡུ༹ས
𗵅,སྡྭུ༹
𗵆,ཤེམ
𗵇,སྪི
𗵈,རྸའིས
𗵉,དའོམ
𗵊,འམུས
𗵋,ཎཨོམས
𗵌,རྒྭ༹འེས
𗵍,སྡུ༹ས
𗵎,ཤེམ
𗵏,བུ
𗵐,ནའེས
𗵑,ཨྭའོ
𗵒,སྐཨི
𗵓,ད༹འོམས
𗵔,འརྠའ
𗵕,བའྀ
𗵖,ཙྭིམ
𗵗,རྸོས
𗵘,ཅ
𗵙,འབཨོ
𗵚,བུ
𗵛,སྡུ༹ས
𗵜,རླྭའྀས
𗵝,ད༹འོམས
𗵞,ཤོུ
𗵟,ཚྭམ
𗵠,ཆོས
𗵡,ཅཨེས
𗵢,ཡུས
𗵣,ཅིག༹ས
𗵤,སཡེ
𗵥,ཐའུས
𗵦,སྟོ
𗵧,འདེས
𗵨,ཤཨྀ
𗵩,ད༹འོམས
𗵪,ཇྭེས
𗵫,སྒེ
𗵬,ཝའེས
𗵭,སྐོ
𗵮,སྡའི
𗵯,སྕཨྀ
𗵰,སྟི
𗵱,རྐི
𗵲,རྸོ
𗵳,སྣོས
𗵴,ཛཡ
𗵵,སྩུ
𗵶,འཧེས
𗵸,ཧཡེ
𗵹,མཡྀ
𗵺,སྭའ
𗵻,ཤས
𗵼,ག༹ཨྀ
𗵽,འདུ༹ས
𗵾,བཨས
𗵿,འབའིས
𗶀,འདུ༹ས
𗶁,སྨའིས
𗶂,ཙཡིས
𗶃,ཅིས
𗶄,འམྀས
𗶅,སྕཨུ
𗶆,གྭ༹འ
𗶇,སྡའི
𗶈,སྡའི
𗶉,རྯྀ
𗶊,ནཡེས
𗶋,རྩི
𗶍,འབའིས
𗶎,ཇྭཡྀ
𗶏,འདུ༹ས
𗶐,མའིས
𗶓,འབའིས
𗶔,བཨས
𗶕,ཡམས
𗶗,སྕོས
𗶘,སྕོས
𗶙,ཇྭཡྀས
𗶚,ནཡེ
𗶛,སྭཡྀས
𗶝,ལཡུ
𗶞,ངྭའུས
𗶟,འབའུ
𗶠,འཛའུས
𗶡,ཧའུ
𗶢,རྣེས
𗶣,མའིས
𗶤,ལཡུ
𗶥,ཀཨིག༹
𗶦,སྐའས
𗶧,ཇྭིས
𗶨,རྡའ
𗶩,ཐཡིས
𗶪,སྟའོ
𗶫,ལིག༹ས
𗶭,ག༹ཡུས
𗶮,འག
𗶯,ཤ
𗶰,ནཡེས
𗶱,སྕོ
𗶲,ཏའ
𗶳,འཁོས
𗶴,ཧའ†
𗶵,ཤཨིས
𗶶,ཤྀ
𗶷,ཤྀ
𗶸,ཞོས
𗶹,ཤིས
𗶺,ཕུ༹
𗶻,སྴྭྀས
𗶼,ཤྀ
𗶽,ཤྀས
𗶾,ཡཡེས
𗶿,ཐོ༹མ
𗷀,ཚྭའིག༹
𗷁,འཛའ
𗷂,ཤཨིས
𗷃,སྗེས
𗷄,ཞོ
𗷅,ཤྀས
𗷆,འཕི
𗷇,འཕིས
𗷈,ཏའྀ
𗷉,ཤེ
𗷌,ཏའི
𗷍,སྗེས
𗷎,རྐའས
𗷏,བཡུ
𗷐,ཧྭའི
𗷑,འཕིས
𗷔,དའུ
𗷖,ཚྭའིག༹
𗷘,ཀཨེ
𗷙,སྡྭི༹ས
𗷚,ལའིས
𗷛,ཀཨེས
𗷜,སྡིས
𗷝,མཡེས
𗷞,ལིས
𗷟,ག༹འམས
𗷠,ཅྭཨེ
𗷡,འརྐེས
𗷢,ཅོུས
𗷣,ཇྭུ
𗷤,འདའུས
𗷥,འདའུས
𗷦,བཡྀ
𗷧,འདའུས
𗷨,ཡེམས
𗷩,ཡེམས
𗷪,འདའུས
𗷫,འནྀས
𗷬,རྖྭའོས
𗷭,ཀིམ
𗷮,ཝའོམ
𗷯,རྐཨི
𗷱,ཇཨེམ
𗷲,གིམ
𗷳,དའུས
𗷴,རྡྭའྀས
𗷵,སྟྀས
𗷶,བཡྀ
𗷷,སྠི༹ས
𗷸,ཡིག༹ས
𗷹,རྫའུ
𗷺,མཡ
𗷻,ཏཡེས
𗷾,སྡེ༹
𗷿,མཡ
𗸀,ཨྭའུས
𗸁,ལྭའོས
𗸂,ཤྭཨེ
𗸃,ཝའི
𗸅,ཆྭིམ
𗸆,ཁོམ
𗸇,སྡེ
𗸈,དཡུ
𗸉,ཇཨེམ
𗸊,ལུས
𗸋,རྩའིག༹ས
𗸌,སྭོས
𗸍,ཙའུ
𗸎,ཀྭའྀས
𗸏,སྡྭི༹ས
𗸐,རྱྀས
𗸑,རྗཨྀ
𗸒,སའུ
𗸓,རྡྭའྀ
𗸔,རྷྀས
𗸕,ཁྭའྀ
𗸖,འགའ
𗸗,རྫྀ
𗸘,ཧྭཨ
𗸙,རྪྀ
𗸚,འགའ
𗸛,ཁྭའྀ
𗸜,ཁྭའྀ
𗸝,ག༹འོམ
𗸞,སྡའེས
𗸟,འགའ
𗸠,ཧྭཨ
𗸡,ཛེམས
𗸢,ཏྭའ
𗸣,ཏའྀ
𗸤,ཏའིམ
𗸥,སྟུས
𗸦,ཇྭུ
𗸨,རྔྭའྀ
𗸩,སྡེ༹
𗸪,རྱ
𗸫,སྡེ༹
𗸬,ཐེ༹མ
𗸭,ཝའྀ
𗸮,ཝའྀ
𗸯,ཇྭུ
𗸰,ཏའོམ
𗸱,ནའོས
𗸲,རྯུས
𗸳,ལའམ
𗸴,ནྭཡྀས
𗸵,ཤོམ
𗸶,སྠྭེ༹ས
𗸷,སྠྭེ༹ས
𗸸,འཐུ
𗸹,སཡྀས
𗸺,སྭཡྀས
𗸻,རྦའྀ
𗸼,སྠི༹ས
𗸽,ཅོུས
𗸾,སྡིས
𗸿,སྸྭའུ
𗹀,ཅཨེམ
𗹁,རྨས
𗹂,གོམས
𗹃,སྭོས
𗹄,སཡྀས
𗹅,ཁིག༹ས
𗹇,སྭཡྀས
𗹈,ཨྭའོས
𗹉,གོམས
𗹊,འཀུ
𗹋,ཧྭའིམ
𗹌,སཡྀས
𗹍,སྨིས
𗹎,ཏྭའམ
𗹏,དའོམ
𗹐,སྟྭའུ
𗹑,ཅེམ
𗹓,ཅེམ
𗹔,སྠྭེ༹
𗹕,དའོམ
𗹖,ལའུས
𗹗,གའོས
𗹘,དའོམ
𗹙,འརྩེ
𗹚,རྣེ
𗹛,ཅེས
𗹜,ཇྭཡྀས
𗹝,ནཡེ
𗹞,མའྀ
𗹟,མའྀ
𗹠,རྸེ
𗹡,རྐི
𗹢,སྡོས
𗹣,ངྭའུས
𗹤,ཤཨེ
𗹥,རྸེ
𗹦,མའྀ
𗹧,མའྀ
𗹨,ཡེམས
𗹩,འཀི
𗹪,འདེ༹ས
𗹫,ཏཡེས
𗹬,སཡེས
𗹭,བཡེས
𗹮,དཡྀ
𗹯,རྸོས
𗹰,སྕཨྀ
𗹱,ཧཨེམས
𗹲,བཡས
𗹳,ཇེས
𗹴,འམའྀ
𗹵,ལའམ
𗹶,དའུ
𗹷,རྔའོམས
𗹸,ཐོུ༹
𗹹,ཕཡེ
𗹺,ག༹ཨམས
𗹻,དའིག༹
𗹼,ཁྭཨ
𗹽,སྕཨེ
𗹾,ཕཡེ
𗹿,དའེ
𗺀,ལའིམ
𗺁,ཧཨེམས
𗺂,ཝའེས
𗺃,རྸོས
𗺄,མའས
𗺅,སའ
𗺆,ཐ༹ཡ
𗺇,དཡེས
𗺈,ཐཡེས
𗺉,ཆིས
𗺊,གཡི
𗺋,ཆི
𗺌,རྸའིག༹ས
𗺍,ཇྭཨྀ
𗺎,འཆྀ
𗺏,ཡེམས
𗺐,ཐོུ༹
𗺑,འབ
𗺓,སྟྭའིས
𗺔,སྪས
𗺕,འཀི
𗺖,ཙའ
𗺗,འཇཨས
𗺘,ཡིག༹ས
𗺙,རྯུས
𗺚,སྭའ
𗺜,སྫཨུ
𗺝,ཏའོམ
𗺞,སྟའུ
𗺟,རྒ༹འོས
𗺠,ཏའུ
𗺡,འཇཨས
𗺢,པའོ
𗺣,འཅིས
𗺤,པའྀ
𗺥,སྦཨེ
𗺦,རྸའུ
𗺧,ཕཨོམ
𗺨,རྣའིས
𗺩,ཤཨས
𗺪,རྸུ
𗺫,བའྀས
𗺬,སྫྭྀ
𗺭,ཇོམ
𗺮,ཝའིས
𗺯,ག༹འུས
𗺰,ལའོམས
𗺱,ཤྭཨྀ
𗺲,ལིས
𗺳,སྭས
𗺴,སྠའོམ
𗺵,སའོས
𗺶,ཡིག༹ས
𗺷,རྯུས
𗺸,ཟྭཡྀ
𗺹,ཧའིག༹
𗺺,སའི
𗺻,ཧཨ
𗺼,སྤའས
𗺽,རྸས
𗺾,རྭའས
𗺿,སྤའས
𗻀,བཨིས
𗻁,འདའེས
𗻂,འདེས
𗻄,ཀྭིམ
𗻅,ལའམ
𗻆,ཤས
𗻇,ཤས
𗻈,པའུ
𗻉,ལའུས
𗻊,དའོས
𗻋,ཐ༹འིག༹ས
𗻌,ཚའྀ
𗻍,བའུ
𗻎,ལའིག༹ས
𗻏,སྐཨ
𗻐,འབའུས
𗻑,རྸའུ
𗻒,ཇྭམས
𗻓,ཡོམས
𗻔,ཇུས
𗻕,འཤཨས
𗻖,རྸིས
𗻗,ཤུས
𗻘,ཚཡས
𗻙,ཇོམ
𗻚,སྣའོས
𗻛,ཀིག༹
𗻜,ཕཨེས
𗻝,ཟའིམས
𗻞,གཡུས
𗻟,ཧའིམས
𗻠,ཡཡི
𗻡,སྠ༹འོམ
𗻢,ཚའིག༹ས
𗻣,ཁྭའས
𗻤,ཤྭཨྀ
𗻥,སའི
𗻦,ཟའིམས
𗻧,ཤེ
𗻨,རྸིས
𗻩,ཟའིམས
𗻪,འནའིག༹ས
𗻫,རྭོས
𗻬,རྮྀ
𗻭,ཨའ
𗻮,སྡ༹ཨེ
𗻯,རྯའུས
𗻰,ཚའིག༹ས
𗻱,རྩའིག༹
𗻲,སྩྭའྀ
𗻳,པེམ
𗻴,སྠའོམ
𗻵,སྐུ
𗻶,སྷའོམས
𗻷,ཐའུས
𗻸,ག༹འ
𗻹,འབའུས
𗻺,སྭས
𗻻,ཅཨ
𗻼,ཤཨེམ
𗻽,བའ
𗻾,ཝུ
𗻿,སྭཡྀ
𗼀,གྭཡིས
𗼁,ཝུ
𗼂,བའ
𗼃,ཤེམས
𗼄,རྕཨི
𗼅,ནྭཡྀ
𗼆,ཤོམ
𗼇,མཡིས
𗼈,སྣ
𗼉,སྭཡེ
𗼊,སའིག༹
𗼋,སྫྭྀ
𗼌,ཀའ
𗼍,འསའ
𗼎,མཡྀས
𗼏,པའོ
𗼐,ཀྭཨམ
𗼑,སྠི༹ས
𗼒,ཁའུ
𗼓,སྯྀ
𗼔,ཆོས
𗼕,ལོ
𗼖,ལོ
𗼗,དེམ
𗼘,ཕའོམ
𗼙,ག༹འུས
𗼚,ཨྭའོམས
𗼛,རྕཨི
𗼜,ག༹ཨིས
𗼝,ལོ
𗼞,ཀའོམས
𗼟,ཤྭུས
𗼠,ཁྭཡྀ
𗼡,སྤེ
𗼢,རྯའྀས
𗼣,རྒྀ༹
𗼤,ཝའོམ
𗼥,ཀའ
𗼦,སྫུས
𗼨,ངྭའིས
𗼩,སྒ༹འས
𗼪,སྡིས
𗼫,སཡུས
𗼬,བའམ
𗼭,སྫུས
𗼮,སྫུས
𗼯,སྟ
𗼰,ལིས
𗼱,ཛིག༹
𗼲,འབུས
𗼳,རྭའས
𗼴,སྡེ༹
𗼵,ཧོམས
𗼶,རྔའུ
𗼷,ག༹འ
𗼸,སྡྭི༹ས
𗼹,ཇོས
𗼺,འཛའུས
𗼻,སྡྀ༹ས
𗼼,ཁའུས
𗼽,སའིག༹ས
𗼾,ནའིམ
𗼿,སྣའེས
𗽀,ཐ༹ཡྀས
𗽁,སྒྀ༹
𗽂,ག༹འིག༹
𗽃,བའུ
𗽄,སྡྀ༹ས
𗽅,ཅཨྀ
𗽆,ལྭཡུ
𗽇,ཆཨ
𗽈,སྡི༹
𗽉,སྟི
𗽊,འམའེས
𗽋,ཛའོམ
𗽌,སྒ༹ཨེམས
𗽍,འདྭའྀ
𗽎,འདྭའྀ
𗽏,སྡའི
𗽐,སྫྀས
𗽑,འདེས
𗽒,ཕའོམས
𗽓,རྸའིག༹
𗽔,བའྀས
𗽕,ཀཨོམས
𗽖,ཚཡི
𗽗,ལའྀས
𗽘,གཡྀས
𗽙,རྸའིག༹
𗽚,ཀའིག༹
𗽛,སྤ
𗽜,ཝའིས
𗽝,ཀྭཨ
𗽞,ཐེམ
𗽟,གྭ༹འེས
𗽠,འད༹འུ
𗽡,རྭེས
𗽢,ཀའིག༹
𗽣,ལོམས
𗽤,ཆཨེས
𗽥,རྒུས
𗽦,ཧོམས
𗽧,ཁྭའས
𗽨,འཏཨས
𗽩,སྟིས
𗽪,གྭ༹འེས
𗽫,ནྭཡེ
𗽬,སྪི
𗽭,ཁའིག༹ས
𗽮,ནའ
𗽯,ཕའེམ
𗽰,འབའུས
𗽱,དའམ
𗽲,གཡེ
𗽳,ཛེམས
𗽴,དའམ
𗽵,ཕའྀས
𗽷,རྱག༹ས
𗽸,འཐྀ༹
𗽹,ཤིས
𗽺,རྐའུས
𗽻,ཀཨོམས
𗽼,སྡྭི༹ས
𗽽,ཀའུ
𗽾,འརྶའ
𗽿,ཛའུས
𗾀,ཛའུས
𗾂,ཀའུ
𗾃,རྑའ
𗾄,སྡ༹འྀ
𗾅,རྸ
𗾆,ཇིག༹
𗾇,བའི
𗾈,འམའིས
𗾉,སའིག༹ས
𗾊,སྭེས
𗾋,སྟའི
𗾌,རྭའེ
𗾍,གྭཡིས
𗾎,ཀྭཡི
𗾏,རྭའི
𗾐,སྠྭི༹
𗾑,མའོས
𗾒,ནའོས
𗾓,ལྀ
𗾔,བའིས
𗾕,རྸིས
𗾖,རྒོ
𗾗,ཧཡས
𗾘,སྭེས
𗾙,ལའིག༹ས
𗾚,ནཡེ
𗾛,ནཡུས
𗾜,ཅྭིག༹ས
𗾝,འཞིག༹
𗾞,འནྀས
𗾟,སྭའས
𗾠,རྸུས
𗾡,རྦའོམ
𗾢,སའོས
𗾣,སྫིས
𗾤,ག༹ཡུ
𗾥,སཡས
𗾦,ཅོ
𗾧,ནག༹ས
𗾨,རྨའྀས
𗾩,ཧྭམ
𗾪,ནག༹ས
𗾫,འསེས
𗾬,གི༹ག༹ས
𗾭,ནཡེས
𗾮,སྯྀ
𗾯,སྤའོམས
𗾱,ནཡེས
𗾲,ཚཡྀ
𗾳,ཅོ
𗾴,བའུས
𗾵,ཁཡུས
𗾶,ཧཡུ
𗾷,སྗའྀས
𗾸,བའི
𗾹,ཚྭའུས
𗾺,བཡེས
𗾻,ཚྭའུས
𗾼,སྤའོམས
𗾽,སྤའོམས
𗾾,རྸིས
𗾿,རྸིས
𗿀,རྩའི
𗿁,ཕཡྀ
𗿂,ཀཡེས
𗿃,སྡའྀ
𗿄,ཁཡུས
𗿅,ཡཡྀ
𗿆,ཤེ
𗿇,རྐིག༹
𗿈,ཁཡེས
𗿉,ག༹ཡུ
𗿊,ལའོམས
𗿋,བའོས
𗿌,ཅེ
𗿍,ཤག༹
𗿎,ལའིག༹ས
𗿏,ཚྭའུས
𗿐,ཅྭིག༹ས
𗿑,རྷྭའྀ
𗿒,ཁྭའེས
𗿓,ཐ༹འྀ
𗿔,ངྭའིས
𗿕,སྒྭ༹འུས
𗿖,འགཨས
𗿗,མའེས
𗿘,ཚཡྀ
𗿙,ཁཡུས
𗿚,འཧཨས
𗿛,བའམ
𗿜,ཆི
𗿝,ཛའི
𗿞,སྡི
𗿟,འམུས
𗿠,ཅྭིག༹ས
𗿡,ཝའིམ
𗿢,རྯའུས
𗿣,རྨེས
𗿤,ཇྭོམ
𗿥,སྭྀ
𗿦,མཡ
𗿧,སྩའྀ
𗿨,ཀྭཨེམ
𗿩,སྕེས
𗿪,སཡས
𗿫,ཀྭཡྀ
𗿬,ཀྭཡྀ
𗿭,འམྀ
𗿮,པའྀ
𗿯,སྡི
𗿰,སྐཨེས
𗿱,མཡེས
𗿲,ཤཨོས
𗿳,ཛེམ
𗿴,རྦའོམ
𗿵,ག༹འ
𗿶,སྡ༹འེ
𗿷,ཇེས
𗿸,ཝའིས
𗿹,ཡོམས
𗿺,འནུ
𗿻,ཀའུ
𗿼,ཇྭོམ
𗿽,མཡ
𗿾,སྭི
𗿿,དཡེ
𘀀,རྡྭའྀ
𘀁,ཐའོ
𘀂,ཁའུ
𘀃,འགུས
𘀄,འགུས
𘀅,འགུས
𘀆,ནཡེས
𘀇,ཞཡིག༹
𘀈,ཕའུ
𘀉,ཞཡིག༹
𘀊,ལའྀས
𘀋,སྒེས
𘀌,རྩའི
𘀍,ནཡས
𘀎,རྨའུ
𘀏,པའུ
𘀐,ཞཡིག༹
𘀑,པའུ
𘀒,ཇཨམས
𘀔,ཕའུ
𘀕,རྩའི
𘀖,སྒེ
𘀗,ཚྭཡུ
𘀘,འཕའེ
𘀙,བོས
𘀚,ཆཨོ
𘀛,ལའྀས
𘀜,ཚྭཡུ
𘀝,ཡྭཡྀ
𘀞,རྯེ
𘀟,ཨྭའོ
𘀠,སྐྭི
𘀡,དཡྀས
𘀢,ཐའ
𘀣,ལེམས
𘀤,དཡྀས
𘀥,སྡུ༹ས
𘀦,མཡེས
𘀧,མཡེ
𘀩,རྒྭས
𘀪,རྸའས
𘀫,སྯྀ
𘀬,ག༹འ
𘀭,ཀྭཨེས
𘀮,ཐ༹འྀ
𘀯,སྨའས
𘀰,ཚས
𘀲,ཁཡས
𘀳,ཁཡས
𘀴,ཟྭམས
𘀵,སྐུ
𘀶,ལའ
𘀷,རྸྀས
𘀸,ཟྭམས
𘀹,ཁཡས
𘀺,ཁཡས
𘀻,གི༹ག༹ས
𘀼,སྣའི
𘀽,འཚིས
𘀾,ཚའོམ
𘀿,འནའོས
𘁀,རྐི
𘁁,འཛེས
𘁂,ཡཡས
𘁃,ཡཡས
𘁄,སྨའྀ
𘁅,ཕཡུ
𘁆,ཁམས
𘁇,ཡཡྀས
𘁈,སྴྀ
𘁉,ངྭའོས
𘁊,སྠི༹ས
𘁌,སྡྭྀ༹
𘁍,སྡྭྀ༹
𘁎,ཐཡྀ
𘁏,བའྀས
𘁐,བཡུས
𘁑,འབཨོ
𘁒,རྸོས
𘁓,བཡུས
𘁔,རྸའེས
𘁕,བཡུས
𘁖,བའྀས
𘁗,ཟའས
𘁘,ཀྭའྀ
𘁙,ཇྭ
𘁚,ཀྭའྀ
𘁛,སྯྀ
𘁜,ཛཡུས
𘁝,འནེ
𘁞,གྭ༹འྀས
𘁟,དའོས
𘁠,ཨའ
𘁡,ཟའས
𘁢,ཐའིག༹ས
𘁣,གེ༹མ
𘁤,ཆིག༹ས
𘁥,ཏཡེས
𘁦,ཏཡེས
𘁧,འཆེ
𘁨,བའུ
𘁩,རྐའོམས
𘁪,སྯྀ
𘁫,འནེ
𘁬,ཏཡེས
𘁭,གྭ༹འྀས
𘁮,སྯྀ
𘁯,སྫི
𘁰,སྡྭི༹ས
𘁱,སྐའ
𘁲,ཟའ
𘁳,འདའིག༹ས
𘁴,གྭ༹འྀས
𘁵,ཙཡེས
𘁶,ཛཡྀ
𘁷,རྫའ
𘁸,སྠའྀ
𘁹,རྫའ
𘁺,ཐེ༹མ
𘁻,འཤིས
𘁼,འཤྭིས
𘁽,འཤྭིས
𘁾,ངྭའོས
𘁿,སྐྭིས
𘂀,སཡེས
𘂁,ཤཨིག༹ས
𘂂,ནྭཡྀ
𘂃,ལིས
𘂄,ཡོུས
𘂅,ཡིག༹
𘂆,ཙཡྀ
𘂇,སྤཨེམས
𘂈,སྡ༹འོམས
𘂉,དཡིས
𘂋,ཟའིས
𘂌,ངྭའྀས
𘂍,ག༹ཨྀ
𘂎,ལའ
𘂏,སྦཨེ
𘂐,སྦཨེ
𘂑,ཚཡས
𘂒,ཤཨིས
𘂓,དམ
𘂔,ལའོས
𘂕,ཏའ
𘂖,ཙཡྀ
𘂗,རྤའྀ
𘂘,ཤོམ
𘂙,སྤའ
𘂚,སྡ༹འོམས
𘂛,ཚའིས
𘂜,རྯའ
𘂝,ཛའེམ
𘂞,ལཡེས
𘂟,དའིག༹
𘂠,ད༹འོམ
𘂡,ཙྭོ
𘂢,ཚཡས
𘂣,སྡི༹
𘂤,ཁའ
𘂥,ཤོམས
𘂦,ཧའམ
𘂧,ཁའ
𘂨,འབའེ
𘂩,ཤིས
𘂪,ཛཡེས
𘂫,སྭྀ
𘂬,ཨྭའོ
𘂭,སྡྭེ༹
𘂮,ནྭོས
𘂯,འབའོས
𘂰,འཤཨོས
𘂱,འབའོ
𘂲,འསུ
𘂳,སྮ
𘂴,འམེ
𘂶,སྭི
𘂷,ཁིམ
𘂸,ཀེམ
𘂹,ནཡེས
𘂺,ཅི
𘂻,ལའིག༹ས
𘂼,སྡའ
𘂽,ནཡེས
𘂾,སྐའ
𘂿,སྭྀ
𘃀,རྯའིག༹ས
𘃁,རེམས
𘃂,སྭྀས
𘃃,རྯའིག༹ས
𘃄,སྫྭྀ
𘃅,ཝའི
𘃆,ཝའི
𘃇,རྸེས
𘃉,ངྭའྀ
𘃊,ཡཡྀས
𘃋,ཛུ
𘃌,སྟིས
𘃍,འནའོ
𘃎,སྤ
𘃏,སྤས
𘃐,ཚཡེ
𘃑,སྨའིས
𘃒,ཛིག༹ས
𘃓,འནའ
𘃔,འདྀ
𘃕,འད
𘃖,རྯའས
𘃗,འདྀ
𘃙,ལྀ
𘃚,ཛྭཡྀས
𘃛,རྸས
𘃜,རྸ
𘃝,ཝི
𘃞,ལྀ
𘃟,ཡྭམ
𘃠,འདའུ
𘃡,ཝི
𘃢,ལའིག༹ས
𘃣,ཝིས
𘃤,ཝོ
𘃥,འདུ
𘃦,འདྀ༹
𘃧,འགཨོ
𘃨,རྒྀ༹
𘃩,ཆོག༹
𘃪,ཇྭ
𘃫,སྐྭའྀ
𘃬,ཨྭའོས
𘃭,ཁཨོས
𘃮,ལྀ
𘃯,སྒོ
𘃰,ཛྭའིག༹
𘃱,ཛྭའིག༹
𘃲,སྭེ
𘃳,ཀིག༹
𘃴,ལཡེས
𘃵,རྸྀས
𘃶,སྭོས
𘃷,ནཡུ
𘃸,སྡེ༹
𘃹,ཝཨྀ
𘃺,འམྀས
𘃻,ཡིམ
𘃼,ལའས
𘃽,ཨྭའོས
𘃾,ཐ༹ཡྀ
𘃿,ལའས
𘄀,ཅུ
𘄁,ཀཡྀ
𘄂,འགི
𘄃,སྡི༹ས
𘄄,ཟཡི
𘄅,ཐ༹ཡིས
𘄆,ཕོ
𘄇,སྨི
𘄈,ཨྭའོས
𘄉,རེམས
𘄊,ལི
𘄋,གྀ༹
𘄌,སྟེས
𘄍,བའས
𘄎,གཡི
𘄏,ཇུས
𘄑,སྦའས
𘄒,པའས
𘄓,པཨེམས
𘄔,པཨེམས
𘄕,སའྀས
𘄖,དའུས
𘄗,སྫྭྀ
𘄘,ག༹ཨོམ
𘄙,ཅེ
𘄚,དའུས
𘄛,སྡྭ༹འ
𘄜,ནའོས
𘄝,ཤྭ
𘄞,སྸྭའུ
𘄟,ཚའས
𘄠,ཆས
𘄡,སྶེས
𘄢,ཡག༹
𘄣,ཁའུ
𘄤,སྥྀ
𘄥,སྶེས
𘄦,ཏེམ
𘄧,འག༹ཨས
𘄨,སྩུ
𘄩,སྩུ
𘄪,རྸེས
𘄫,སྩུ
𘄬,སྡེ༹མས
𘄭,སྩུ
𘄮,འཁྀ
𘄯,ཐྭེ༹
𘄰,ཅྭ
𘄱,ཐེམ
𘄲,འདྀ༹ས
𘄳,འདྀ༹
𘄴,ཚཡི
𘄵,ཨྭའོས
𘄷,མཡ
𘄸,རྣེས
𘄹,ཏྭའིམ
𘄺,སྦ
𘄻,ལྭཡ
𘄼,ཁཡེ
𘄽,སྔའས
𘄾,རྣོམས
𘄿,ཏཡེ
𘅁,རྸའིས
𘅂,སྡ༹
𘅃,སྔའས
𘅄,སཡ
𘅅,སྡུ
𘅆,སྭཡེ
𘅇,ཏཡི
𘅈,ཐ༹འྀ†
𘅉,ཏཡེ
𘅊,ལའེ
𘅋,རྔྭའིས
𘅌,བུ
𘅍,སྯེ
𘅎,སྡེ༹མས
𘅏,རྩའུ
𘅐,ཕའུས
𘅑,བའོམས
𘅒,སྡ༹
𘅓,རྯའོམ
𘅕,ཟའོམ
𘅖,འབྀ
𘅗,སྯི
𘅘,རྣེས
𘅙,རྸས
𘅚,དའེམ
𘅛,སྐུ
𘅜,འདིས
𘅝,ལྭཡུས
𘅞,རྣེས
𘅟,ཚཡི
𘅡,འསེ
𘅢,ཚའུ
𘅣,སྡའས
𘅤,རྸ
𘅥,རྩའུ
𘅧,ཀྭཡི
𘅨,ངའས
𘅩,སྕེ
𘅪,ཏའ
𘅫,ཅུ
𘅬,ཐཡྀ
𘅭,ཏའ
𘅮,རྩའོམ
𘅯,ཛཡྀ
𘅰,ག༹འུ
𘅲,ཚཡིས
𘅳,ཚཡི
𘅴,ལྭཡ
𘅵,ལྭཡ
𘅷,རྣེས
𘅸,འདི༹
𘅹,རྣེས
𘅺,དའེམ
𘅻,ག༹ཨམ
𘅾,ཨྭའོས
𘅿,སྦུ
𘆀,རྭེ
𘆁,ལྭའེམ
𘆂,ལཡེས
𘆃,སྦྀ
𘆄,ནཡྀས
𘆅,ཀའས
𘆆,ལཡེ
𘆇,ལཡེས
𘆈,སྡ༹འུ
𘆊,གོ༹མ
𘆋,སྒྭ༹འོམ
𘆌,སྪེམ
𘆍,སྐའས
𘆎,རྸིས
𘆏,འདྀ༹
𘆑,སྒིས
𘆒,ག༹འུ
𘆓,ཐ༹ཡས
𘆔,རྦའ
𘆕,འགའས
𘆖,འཚྀ
𘆗,ཇཨྀས
𘆘,ཚཡྀ
𘆙,གཡེས
𘆚,གཡེས
𘆛,སྣ
𘆜,འཚྀ
𘆝,རྸེ
𘆞,ཁཨིས
𘆟,རྯའིག༹ས
𘆠,ཁཡེ
𘆡,སྪེས
𘆢,སྟ
𘆣,ཀའ
𘆤,ཤོུ
𘆦,འཛའེ
𘆧,སྪེས
𘆨,ཏཡིས
𘆩,སྨའིས
𘆪,ཏྱཡས
𘆫,ཏེམ
𘆬,སྴཨེ
𘆭,སྡི༹ས
𘆮,སྕིས
𘆯,སྫིས
𘆰,ཀྭཡེས
𘆱,ཀྭཡེས
𘆲,ཚྭའུ
𘆳,འབཨི
𘆴,སའོས
𘆵,ཎི
𘆶,སཡུས
𘆷,རྟ
𘆸,ཕའི
𘆹,རྨའྀས
𘆺,བཨིས
𘆻,ཚའིག༹ས
𘆼,ཀྭཨེས
𘆽,གཡེ
𘆾,སྫི
𘆿,སྴཨེ
𘇀,ཆོས
𘇁,སྴཨེ
𘇂,གའུས
𘇃,སྒྭ༹འུས
𘇄,ལྭཡུ
𘇅,རྸེ
𘇆,རྩའོས
𘇇,བཡུས
𘇈,འཏཨས
𘇉,སྡི༹ས
𘇊,སྡ༹ཨེ
𘇋,སྴཨེས
𘇌,ཛྭཡི
𘇍,སྒྭ༹འུས
𘇏,ཕཡེ
𘇐,ཤོམ
𘇑,ག༹འུ
𘇒,རྭཨི
𘇓,རྭཨོ
𘇔,འཛ
𘇕,ཛིག༹ས
𘇖,ལའུས
𘇗,ལའུས
𘇘,རེམས
𘇙,ཝའམས
𘇚,འམིས
𘇛,སྤེམ
𘇜,བའིས
𘇝,བའིས
𘇞,བའིས
𘇟,འཁྀས
𘇠,རྦའས
𘇡,ཐའུ
𘇢,ཐའུ
𘇣,སྡ༹འོ
𘇤,འགེ
𘇥,སྥའོམས
𘇦,སྐྭེམ
𘇧,ཡོམས
𘇨,ཤྭཨི
𘇩,ཎི
𘇪,བཨོས
𘇫,ནཡྀ
𘇬,རྩྭ
𘇭,སྭཡི
𘇮,དའས
𘇯,འནིས
𘇰,ཆིམ
𘇱,སྤའས
𘇲,ཝའི
𘇳,འམ
𘇴,ཝའི
𘇵,ཆྀས
𘇶,ཝའི
𘇷,སྑྭའུས
𘇸,ཅུ
𘇹,ཤཨྀ
𘇺,ཇཨོས
𘇻,མཡུ
𘇼,གཡེས
𘇽,འནའོས
𘇾,སྗའྀས
𘇿,ཎི
𘈀,རྭ
𘈁,ཤཨྀ
𘈂,ལུས
𘈃,རྸ
𘈄,འཅྀ
𘈅,འནའོས
𘈆,རྒ༹འོ
𘈇,རྸའ
𘈈,འམི
𘈉,ཚྭཡུ
𘈊,འཝི
𘈋,ཕཡེས
𘈌,འཝོ
𘈎,སྟོས
𘈏,རྸའས
𘈐,རྱས
𘈑,རྨྀ
𘈒,ཛཡེས
𘈓,རྸའས
𘈔,བཡིས
𘈕,ཤོག༹
𘈖,ཝའིས
𘈗,ཀའམ
𘈘,ཤྭྀ
𘈙,དཡེ
𘈚,གཡྀས
𘈛,ཐྭའོ
𘈜,ཐྭའོ
𘈝,ཤོག༹
𘈞,འམེ
𘈟,ལའྀ
𘈠,སྐེ
𘈡,ཁཨོམ
𘈢,སྡེ༹མ
𘈣,ཁཡི
𘈤,རྷའ
𘈥,སའ
𘈦,འཐུ༹
𘈧,འདའེ
𘈨,རྣའུ
𘈩,ལའིག༹
𘈪,ཏཡ
𘈫,ཨྭའུས
𘈬,འདེས
𘈭,ཨྭའུས
𘈮,ཇཨེམ
𘈯,བའྀས
𘈰,ཇཨེམས
𘈱,འམེ
𘈲,བའྀས
𘈳,སྨོས
𘈴,གཡས
𘈵,སྣིས
𘈶,རྸྀས
𘈷,གཡིས
𘈸,རྸོ
𘈹,ཡོུས
𘈺,ལའྀ
𘈻,རྭའྀ
𘈼,མའས
𘈽,སྭེམ
𘈾,དཡུ
𘉀,འརྩེ
𘉁,འམི
𘉂,ཛེམ
𘉃,སྫཨུས
𘉄,དྭུ༹ས
𘉅,ཛའ
𘉆,ཚའ
𘉇,ཛའིག༹ས
𘉈,ཛའིག༹ས
𘉉,སྦའས
𘉊,སྦའས
𘉋,རྱ
𘉌,རྯའྀས
𘉍,བཡི
𘉎,དྭའས
𘉏,སྪའོམས
𘉐,ཡོུ
𘉑,མཡྀ
𘉒,མའོས
𘉓,བྱཡས
𘉔,དྭའས
𘉕,རེམས
𘉖,འརྤྭྀ
𘉗,ཡོུ
𘉘,རྯའྀས
𘉙,ཐཡེས
𘉚,དྭའས
𘉛,དྭའམ
𘉜,སྪའོམས
𘉝,ནཡས
𘉞,ནཡས
𘉟,སྤུ
𘉠,སྪི
𘉡,སྤུ
𘉢,སྡྭེ
𘉣,སྤུ
𘉤,རྭའི
𘉥,ཇག༹
𘉦,ཇག༹
𘉧,ཇག༹ས
𘉨,ཛྭའྀ
𘉩,ལིག༹ས
𘉪,ནྭོས
𘉫,སྒི
𘉬,རྸའས
𘉭,ཧའོམ
𘉮,ཕཡེ
𘉯,རྩའི
𘉰,སྒས
𘉱,འཤིག༹
𘉲,གིག༹ས
𘉳,སྠི༹ས
𘉴,ཛའི
𘉵,རྸེས
𘉶,འརྩྀ
𘉷,འརྐྭྀ
𘉸,རྡྀས
𘉹,ཙཡུ
𘉺,འརྩྀ
𘉻,སྠ༹འིས
𘉼,འཐའོས
𘉽,ཛའི
𘉾,སྭེ
𘉿,ཙཡུ
𘊀,སྯྀ
𘊁,ཁིག༹ས
𘊂,ནག༹ས
𘊃,སྶེས
𘊄,ཎོམས
𘊅,པའོ
𘊆,བོས
𘊇,ཤོམ
𘊈,རྣོམས
𘊉,སྐེ
𘊊,སའིག༹
𘊋,པོ
𘊌,ཇཨིག༹
𘊍,པའོ
𘊎,རྥ
𘊏,ཀཡེ
𘊐,ཀཡེ
𘊑,ནའོས
𘊒,ཀོམས
𘊔,ཇྱེས
𘊕,ཇེས
𘊖,པཨ
𘊗,རྐིག༹
𘊘,སྤཨེམས
𘊙,མའྀས
𘊚,ཝའི
𘊛,སྫོ
𘊜,ཁཡིས
𘊝,རྱིས
𘊞,ལའུས
𘊟,ངྭའོས
𘊠,སྯེས
𘊡,ལའུས
𘊢,ཏོས
𘊣,སའོས
𘊤,ཐཡུ
𘊦,ཐཡུ
𘊧,ཎིག༹ས
𘊨,ཐའིག༹ས
𘊩,ཐཡུ
𘊪,སྴྀ
𘊫,ཕའ
𘊬,སའ
𘊭,རྩྭའྀས
𘊮,རྟ
𘊯,ཏྭཡི
𘊰,ཕའ
𘊱,ཕའ
𘊲,འཕཨས
𘊳,བའོ
𘊴,ཐའུ
𘊵,ཐའུ
𘊶,ནཡྀ
𘊷,སྣའུ
𘊸,བའས
𘊹,ཀག༹
𘊺,ནྭཡྀས
𘊻,ནཡྀ
𘊼,ཐྭའེ
𘊽,ཐའིམས
𘊾,ཀག༹
𘊿,བའས
𘋀,རྒུས
𘋁,ཇྭི
𘋂,ཕཡུ
𘋃,ཆྭི
𘋄,ཕཡུ
𘋅,སའམ
𘋆,འཧ
𘋇,ཕི༹
𘋈,སྣའོས
𘋉,ཇོམ
𘋊,ཇོམ
𘋋,དྭཡུས
𘋌,འཅྀ
𘋍,འནྱུ
𘋎,ཀྭའམ
𘋏,ནའེས
𘋐,ག༹འ
𘋑,ཀྭཨ
𘋒,འགྀ
𘋓,འགྀས
𘋔,སྡ༹འེས
𘋕,ཧའོས
𘋖,ཁཡེ
𘋗,ཛའུས
𘋘,ཀཨོས
𘋙,རྸིས
𘋚,ཛའུས
𘋛,བེམ
𘋜,རྸ
𘋝,རྸའིག༹ས
𘋞,རྯའས
𘋟,རྸའིག༹ས
𘋠,མའྀས
𘋡,ཕཡི
𘋢,ཇཨམས
𘋣,མའྀས
𘋤,ཇཨམས
𘋥,དའིག༹ས
𘋦,འཞཨས
𘋧,འདོ༹ས
𘋨,ཛྭཡྀ
𘋩,དའོས
𘋪,རྟྀ
𘋫,ཅ
𘋬,ཚཡྀ
𘋭,ཆ
𘋮,རྱ
𘋯,ཡེམས
𘋰,སྤའོམས
𘋱,ཚཡྀ
𘋲,ལའུ
𘋳,གྭཡིས
𘋴,ཡེམས
𘋵,སྤའོམས
𘋶,གྭཡིས
𘋸,སྤའོམས
𘋹,གྭཡིས
𘋺,ཤོུ
𘋻,ཞུས
𘋼,རྐུས
𘋽,ག༹འ
𘋾,ཤོུ
𘋿,ནཡེས
𘌀,རྒ༹ཨེས
𘌁,རྒ༹འོམ
𘌂,འནྱུ
𘌃,རྸའིས
𘌄,ག༹འོམ
𘌅,ཟཡེ
𘌆,ཀའས
𘌇,སྣའོས
𘌈,འནྱུ
𘌉,ཀྭའོ
𘌊,གིག༹
𘌋,ཐ༹འེས
𘌌,ཤེམས
𘌍,ངའ
𘌎,ཤིས
𘌏,རྑུ
𘌐,ཁཨིས
𘌑,སའོས
𘌒,ཀའོམས
𘌓,ཁའོམས
𘌔,རྸའིས
𘌕,ཇོུས
𘌖,རྮྭྀ
𘌗,རྐིག༹ས
𘌘,ག༹འོམ
𘌙,དྭའུས
𘌚,ད༹འྀ
𘌛,ལྭཡི
𘌜,པཨི
𘌞,སྩའྀ
𘌟,པཨེས
𘌠,ཕེམ
𘌡,ལྭཡི
𘌢,ཟའུ
𘌣,ཟའུ
𘌤,སྡྀ
𘌥,བའེ
𘌦,རྯའུ
𘌧,ཏཡི
𘌨,སྡ༹ས
𘌩,ཆྭི
𘌪,རྱྀ
𘌫,རྸའས
𘌬,སྭྀས
𘌭,ཅོག༹
𘌮,ཁཨས
𘌯,ཆེམ
𘌰,ཕའྀས
𘌱,སྫི
𘌲,ཞིག༹
𘌳,ཝའིས
𘌴,ཧྭཨེམ
𘌵,འཅིས
𘌶,ཚའིས
𘌷,འདུ༹
𘌸,སྟའོམ
𘌹,སྠྀ༹
𘌺,ཕའི
𘌻,ཕའི
𘌼,ལྀས
𘌽,ཐཡྀས
𘌾,རྦཨ
𘌿,ཕའི
𘍀,ལའ
𘍁,རྕཨྀ
𘍂,མོས
𘍃,རྕག༹ས
𘍄,ཀཨི
𘍅,རྒྭ
𘍆,ལའ
𘍇,རྒྭ
𘍈,རྯིས
𘍉,ཁཨས
𘍊,འཏའིག༹ས
𘍋,རྸའས
𘍌,ཕའི
𘍍,ཕའི
𘍎,ཨྭའོས
𘍏,ཙའི
𘍐,རྸེས
𘍑,ལེམ
𘍒,ཛྭའེ
𘍓,ཁྭཡྀས
𘍔,སྕི
𘍖,རྱྭ
𘍗,གཡུས
𘍘,བའེམ
𘍙,སྒུས
𘍚,འཔའུ
𘍝,སྸྭའོ
𘍞,སྸྭའོ
𘍟,ཙཡྀ
𘍠,རྡའིག༹
𘍡,ཡཡེ
𘍢,ཡཡེ
𘍣,ཅོམ
𘍤,བའིས
𘍥,རྡའིག༹
𘍦,ཡཡེ
𘍧,མཡ
𘍨,ཧཡི
𘍩,ཧམ
𘍪,ཧཡུ
𘍫,ཁྭཨི
𘍬,ཧྱཡས
𘍭,སྭཡིས
𘍮,རྷ
𘍯,སྭཡིས
𘍰,ཆཨ
𘍱,ཆཨ
𘍲,ཆཨ
𘍳,གཡེ
𘍴,སྡི༹
𘍵,ཝའི
𘍶,རྒྭ༹འྀ
𘍷,སྟེ
𘍸,ཕཡི
𘍹,ཝའི
𘍺,ཝའི
𘍻,ལ
𘍼,ཝའི
𘍽,ཝའི
𘍾,གཡིས
𘍿,རྞ
𘎀,ཤཨྀས
𘎁,ཕཡི
𘎃,ཝའི
𘎄,རྭའི
𘎆,ཇྭཡྀ
𘎇,པའོམ
𘎈,ཇྀ
𘎉,འཐ༹འོ
𘎊,ཛི
𘎋,ཇྀ
𘎌,ཆྭིག༹ས
𘎍,ཆྭིག༹ས
𘎎,སྭའུས
𘎏,ཆིག༹ས
𘎐,སྕཨེས
𘎑,ཞས
𘎒,ཆྭིག༹ས
𘎓,སྡ༹འུ
𘎔,ཁཨིག༹ས
𘎕,ཁཨིག༹ས
𘎖,ཛིག༹ས
𘎗,སྠྀ༹
𘎘,འདི༹
𘎙,ཁཨིག༹ས
𘎚,སྭེས
𘎛,འཤཨི
𘎜,སྟའས
𘎝,སྶི
𘎞,སྣའ
𘎟,འཤཨས
𘎠,སྶི
𘎡,ནའོས
𘎢,ཏའ
𘎣,ཁྭཡྀ
𘎤,ཏཡྀ
𘎥,སྟོ
𘎦,རྭའྀ
𘎧,ཝའ
𘎨,སྠི༹ས
𘎩,སྭའེ
𘎪,འཚེ
𘎫,ཀཡི
𘎬,སྐྭིས
𘎭,སྣྭྀ
𘎮,སྤི
𘎯,རྐག༹ས
𘎰,འདོ
𘎱,ཅེ
𘎲,ཐ༹འུ
𘎳,འཝའི
𘎴,སྐའ
𘎵,སྯེས
𘎶,ཀྭའྀས
𘎷,སྣྭྀས
𘎸,སྟ
𘎹,འདའུ
𘎺,འདའིས
𘎻,ཤྀ
𘎼,ཐཡྀ
𘎽,ཁཨིག༹
𘎾,ཁེམ
𘎿,ཀའས
𘏀,སྡེ
𘏁,སྭའེ
𘏂,ཀྭཡེ
𘏃,སྐའྀ
𘏄,སྟི
𘏆,སྶོ
𘏇,རྸའིས
𘏈,སྭའ
𘏉,ཆོག༹
𘏊,རྐུ
𘏋,སའྀ
𘏌,སྐའ
𘏍,ག༹འ
𘏎,འཛུས
𘏏,ཏཡྀ
𘏐,གྭ༹ཨི
𘏑,ཕའུ
𘏒,ཕཨིས
𘏓,སཡེས
𘏔,རྥའྀ
𘏕,རྭཨི
𘏖,སྟེམས
𘏗,འཅིས
𘏘,རྸུས
𘏙,ཤ
𘏚,སྟིས
𘏛,བའེས
𘏜,འཏའིག༹ས
𘏝,ཕཨོམ
𘏞,པའོ
𘏟,ཨའ
𘏠,སྩོས
𘏡,འཁཨེ
𘏢,སྐྭེམས
𘏣,སྡྭི༹ས
𘏤,འརྡྀ༹
𘏥,དཡུ
𘏦,སྟེམ
𘏧,ཡག༹ས
𘏨,སྡ༹ཨྀ
𘏩,སྥེ༹མས
𘏪,སྡའེས
𘏫,ཧཨས
𘏬,འརྐའ
𘏭,ཅྀ
𘏮,འནའེས
𘏯,འཤིས
𘏰,ཝྀས
𘏱,སའིག༹ས
𘏲,འརྩེ
𘏳,ཤ
𘏴,རྒ༹འོས
𘏶,ཏྭའིག༹
𘏷,འདི
𘏸,ཤཨྀ
𘏹,སྩའྀ
𘏺,རྟའ
𘏻,རྸུས
𘏼,ཆིག༹ས
𘏽,སྭཡི
𘏾,ཙའེ
𘏿,སྐའ
𘐀,ཕའྀ
𘐁,ལཡུས
𘐂,སྣྭྀས
𘐄,འཐྭ༹ཨོས†
𘐅,འགཨི
𘐆,ལའ
𘐇,ལའ
𘐈,ཀྭ
𘐉,སྭས
𘐊,ཚའུ
𘐋,སྭུ
𘐌,ལཡས
𘐍,ཆྭི
𘐎,སྤི
𘐏,སྟི
𘐐,སྨ
𘐑,རྸེ
𘐒,འརྱེས
𘐓,སྟས
𘐔,ཚྭའིག༹
𘐕,ཅིག༹ས
𘐖,ལཡུས
𘐗,སྟའྀ
𘐘,འཀའུ
𘐙,ཛྭའྀ
𘐚,འཤྭྀ
𘐛,སྡྀ༹
𘐝,ཤཨེམ
𘐞,ངྭའིས
𘐟,སྣས
𘐠,ངྭའོས
𘐡,འཅྀ
𘐢,འགཨི
𘐣,ཕའྀས
𘐤,ཚྭའེ
𘐥,སྭུ
𘐦,སྭུ
𘐧,སྤི
𘐨,ལཡས
𘐩,ཕཡྀ
𘐪,ཅྀ
𘐫,ཁཡི
𘐬,བའོས
𘐭,གའོ
𘐮,རྒའ
𘐯,རྸིས
𘐰,ཀྭཨྀ
𘐱,དའིག༹ས
𘐲,སྠོ༹ས
𘐴,རྒྀས
𘐵,ཕཡྀས
𘐶,ཇོས
𘐷,འརྐའ
𘐸,རྯའྀས
𘐹,ཕཨིས
𘐺,སྠ༹འོམ
𘐻,རྸེས
𘐼,རྕི
𘐽,སྕྭཨེ
𘐾,ཀའ
𘐿,འཀྀ
𘑀,སྟྀས
𘑁,རྸོས
𘑂,སྠོ༹ས
𘑄,དའུ
𘑅,འཀྀ
𘑆,ཕཡྀས
𘑇,སྱིས
𘑈,ཀཨ
𘑉,འཁའུས
𘑊,འཁའུས
𘑌,ཇེས
𘑍,སྠི༹ས
𘑏,སྟ
𘑐,རྸེས
𘑑,རྸའིག༹ས
𘑒,ཀའྀ
𘑓,རྕག༹ས
𘑔,ཅག༹
𘑕,རྸ
𘑖,སྡ༹
𘑗,རྔའྀ
𘑘,ཤི
𘑙,མཡ
𘑛,ཁྭཡྀས
𘑜,སཡེ
𘑝,མཡེས
𘑞,ཟའོམས
𘑟,མཡྀས
𘑠,རྭའོས
𘑡,རྭའོས
𘑢,ཁྭཡྀ
𘑣,སཡེས
𘑤,ཨེས
𘑥,ཆུ
𘑦,སའིག༹
𘑧,སའིག༹
𘑨,སྒྭ༹འུས
𘑩,སྡོ༹ས
𘑪,ཁྭའྀ
𘑫,ཀའམ
𘑬,རྡྭའིག༹ས
𘑭,ཟཡི
𘑮,དྭཡུ
𘑯,གྭ༹འུས
𘑰,རྡྭའིག༹ས
𘑱,ཤྭེས
𘑲,ཅོམ
𘑳,རྸའོམས
𘑴,རྸའོམས
𘑵,འཐྀ
𘑶,ཙཡེ
𘑸,རྸའོམ
𘑹,ཟཡིས
𘑺,སྡིས
𘑻,སྡིས
𘑼,རྸའོས
𘑽,ཟཡིས
𘑾,སྡུ
𘑿,ལོམས
𘒀,སྡུ
𘒁,སྡུ
𘒂,ཧཨ
𘒃,ལའུ
𘒄,ཆཨོ
𘒅,ཞྀས
𘒆,ཏྭའེ
𘒇,ཚཡིས
𘒈,ག༹འུ
𘒉,འད༹འོ
𘒊,ཞྀས
𘒋,ཚཡེ
𘒌,སྤའོམས
𘒍,ཏྭའི
𘒎,ཐོ༹མས
𘒏,གཡ
𘒐,འད༹འོ
𘒑,ཇྭེས
𘒒,འད༹འོས
𘒓,རྤའ
𘒔,ཏྭའེ
𘒕,འཏའོས
𘒖,འད༹འོ
𘒗,པཨམ
𘒘,པཨམ
𘒙,ཏྭའི
𘒚,བའེ
𘒛,འབའ
𘒜,ཐཡེ
𘒝,ཆཨིག༹
𘒞,ཞུ
𘒟,ཞོུ
𘒡,མཡེས
𘒢,མཡེ
𘒣,སྡའས
𘒤,ལའིས
𘒥,འཕྀ
𘒦,ཐཡུ
𘒧,དྭཡུ
𘒨,ཕཡེ
𘒩,ཛུ
𘒪,འདུ
𘒫,འཟའིག༹ས
𘒬,འནེ
𘒭,འཟའིག༹ས
𘒮,འཟའིག༹ས
𘒯,འཟའིག༹ས
𘒰,འཟའིག༹ས
𘒱,ཏའ
𘒲,རྟའྀ
𘒳,སྟའོ
𘒴,ཏའ
𘒵,སྟའོས
𘒶,ཕྀ༹
𘒷,ཧྀ
𘒸,ཕྀ༹
𘒹,ཐུ༹ས
𘒺,རྣའས
𘒻,ལྭཡེ
𘒼,རྣའས
𘒽,རྑྭ
𘒾,འཤྭྀ
𘒿,ལྭའི
𘓀,ལྭའི
𘓁,སྡྀ༹
𘓂,སྡྀ༹
𘓃,སྡྀ༹
𘓄,རྸུ
𘓅,ཁཡྀས
𘓆,སྡྀ༹
𘓇,སྡྀ༹
𘓈,ཇུས
𘓉,ཐ༹འིག༹
𘓊,འརྯྀ
𘓋,ལོམས
𘓌,ཐ༹འིག༹
𘓍,སཡིས
𘓎,སྭཡི
𘓏,རྸུ
𘓐,ཛྭོས
𘓑,གྭ༹ཨམ
𘓒,འརྕྀས
𘓓,འཝའྀ
𘓔,སྨྀས
𘓕,རྸུ
𘓖,ཀའོམ
𘓗,ཛའྀ
𘓘,གཡུ
𘓙,རྸུ
𘓚,རྸུ
𘓛,ཛྭཡི
𘓜,ཛཡི
𘓝,ཅྀ
𘓞,སྟི
𘓟,ཇཨེས
𘓠,ག༹འ
𘓡,རྸུ
𘓢,འཛའེས
𘓣,འབཨས
𘓤,སྭའས
𘓥,སྸྭའུས
𘓦,སྡེ༹
𘓨,རྸའོས
𘓩,མའུས
𘓪,སྦེ
𘓫,ཅེ
𘓬,འགའུས
𘓭,དཡིས
𘓮,རྸའུས
𘓯,ཁོམ
𘓰,རྒྀ༹
𘓱,ངྭའྀ
𘓲,རྔྭའྀས
𘓳,རྔའོམས
𘓵,རྒྀ༹
𘓶,སྒུས
𘓷,རྐྭའྀ
𘓸,རྒྀ༹
𘓹,སྭའས
𘓺,རྔྭའྀ
𘓻,འགི༹
𘓼,པའྀ
𘓽,སྡ༹འོམས
𘓾,ཡམ
𘓿,ཝཨིས
𘔀,ཝུ
𘔁,བཡི
𘔂,སྗྀ
𘔃,ཙྭཡུ
𘔄,སྡ༹འོམས
𘔅,རྯུས
𘔇,ཐ༹འ
𘔈,རྡྭའྀ
𘔉,རྡྭའྀས
𘔊,པཨྀ
𘔋,ཐྭཡུས
𘔌,སྗེས
𘔍,འནྱུ
𘔎,དའམ
𘔏,སྦའི
𘔐,ངའ
𘔑,ནཡེ
𘔒,ནཡེས
𘔓,ཅྭཨི
𘔔,ནའུ
𘔕,ནཡེས
𘔖,ནཡེས
𘔗,ཎིམ
𘔘,ཧའུམ
𘔙,ནཡེས
𘔚,ནཡེ
𘔛,སྗྀས
𘔜,ཆིམ
𘔝,ནཡེས
𘔞,ཧའོམ
𘔟,སྗྀས
𘔠,ནཡེ
𘔡,ནཡེས
𘔢,སྑྭའ
𘔣,འཐའ
𘔤,སྐུ
𘔥,སྐུ
𘔦,རྸའིས
𘔧,སྒུ
𘔨,ནཡེས
𘔩,རྡྭའྀས
𘔪,ཛེམ
𘔫,སྡ༹འུས
𘔬,བཡི
𘔭,ཛེམ
𘔮,རྒྭ༹འས
𘔯,འཁཨུ
𘔰,སྸྭའོམས
𘔱,པཡ
𘔲,འམེ
𘔳,ལྭའིག༹
𘔴,དཡུས
𘔵,འཀྭའྀ
𘔶,སྑྭའུས
𘔷,སཡེ
𘔸,སྸྭའོམ
𘔹,བའྀས
𘔺,ཁཡིས
𘔻,ཁོས
𘔼,ནོུ
𘔽,ནོུ
𘔾,ཐ༹འོམ
𘔿,རྸའོམས
𘕀,འཛིས
𘕁,རྯྀ
𘕂,ཇེ
𘕃,ཇེ
𘕄,ཏའམ
𘕅,ཏའམ
𘕆,ཏའམ
𘕇,གི༹ག༹ས
𘕈,ཅྀ
𘕉,སྭི
𘕊,ཁཨྀས
𘕋,རྗས
𘕌,སྟྭའུས
𘕍,ཆིག༹
𘕎,ནཡེས
𘕏,རྒིག༹ས
𘕐,ལའྀས
𘕑,སྸྭའུ
𘕒,ཀའུ
𘕓,འནའོས
𘕔,ལའྀ
𘕕,སྶའོམ
𘕖,སྭེས
𘕗,ཀའུས
𘕘,ཙའྀ
𘕙,ཙའྀ
𘕚,འནའེས
𘕛,ཀཨེ
𘕜,གཡས
𘕝,བའེ
𘕞,སྫིས
𘕟,རྯའིག༹ས
𘕠,རྕཨོ
𘕡,རྯའིག༹
𘕢,བཡྀ
𘕣,ཝའས
𘕤,ཡུས
𘕥,སྡ༹
𘕧,འདའས
𘕨,འསི
𘕩,འསི
𘕪,ག༹འིག༹
𘕫,རྔའིག༹
𘕬,བཡི
𘕭,བཡི
𘕮,ཧཡྀ
𘕯,ཧཡི
𘕰,ཕའུས
𘕱,ཤུས
𘕲,སྐའུས
𘕳,སྐའུས
𘕴,ཛེམས
𘕵,ཤཨིག༹
𘕶,འཕུ
𘕷,རྤོམས
𘕸,སྟ
𘕹,ཆིག༹
𘕺,གཡུ
𘕻,གཡུས
𘕼,གཡུས
𘕽,གཡུས
𘕾,རྣེས
𘕿,ག༹འས
𘖀,སཡིས
𘖁,ཚའ
𘖂,རྔའིག༹ས
𘖃,སྭའས
𘖄,ཁའྀ
𘖅,ཝའི
𘖆,ལེམས
𘖇,ལེམས
𘖈,ལེམས
𘖉,ཁཡེས
𘖊,མཡྀས
𘖋,ངའྀ
𘖌,མཡྀས
𘖍,འགི
𘖎,སྭེ
𘖏,མཡྀ
𘖐,མཡྀས
𘖑,མཡྀ
𘖒,སྨྀས
𘖓,འལིས
𘖔,ཤྭཨས
𘖕,ཙོ
𘖖,མཡྀ
𘖗,ཇའས†
𘖘,ཇའས†
𘖙,ནའོས
𘖚,ནའོས
𘖛,ཤོམ
𘖜,ཀྭཡི
𘖞,རྐཨྀ
𘖟,སྦའི
𘖠,རྐཨྀ
𘖢,གཡི
𘖣,རྐཨྀ
𘖤,འཁཨེ
𘖥,རྩྭའ
𘖦,སྟའས
𘖧,ག༹འ
𘖨,ལོམ
𘖩,འཀའོས
𘖪,རྐཨྀ
𘖫,བའྀ
𘖬,ནའུ
𘖭,ཁཨས
𘖮,འཁུ
𘖯,རྸྀས
𘖰,ཚྭཡ
𘖱,འཞཨུ
𘖳,གཡི
𘖴,ཙྭའམ
𘖵,སྑྭའུས
𘖶,རྔའྀ
𘖷,སྨ
𘖸,ཚཡུ
𘖹,ཐ༹འྀས
𘖺,ནའུ
𘖻,ཆྭཨ
𘖼,ཝཨམས
𘖾,རྔའུ
𘖿,འགྭི
𘗁,ཇས
𘗂,ཚའོམས
𘗃,སྭའི
𘗄,ཛའོམ
𘗅,ཚའིས
𘗆,ཚའུ
𘗇,ཆྭཨ
𘗈,རེམས
𘗉,རའམས
𘗊,རྸའྀས
𘗋,སྒེ
𘗌,རྯིས
𘗍,ཐ༹ཨམས
𘗎,ཙྭཡུ
𘗏,ཛྭའྀ
𘗐,དཡེས
𘗒,བཡུས
𘗓,འགྭི
𘗔,དྱཡས
𘗕,རྮཨེས
𘗖,འཁེ
𘗗,པའོ
𘗘,རྡྱ
𘗙,བཡུས
𘗚,དེས
𘗛,བཡུས
𘗜,གོམས
𘗝,སྡ༹འུ
𘗞,རྭོས
𘗟,འནེ
𘗠,ག༹འ
𘗡,རྐུས
𘗢,ག༹འ
𘗣,དའུས
𘗤,འརྩྀ
𘗥,ཇཨྀ
𘗧,སྯྭི
𘗨,མའྀས
𘗩,ཅུ
𘗪,ལྭཡུ
𘗫,སྡ༹འ
𘗬,ཇུ
𘗭,སྗུས
𘗮,སྗུས
𘗯,རྡོ༹
𘗰,དའིག༹ས
𘗱,དའིག༹ས
𘗲,ནའོས
𘗳,ཅྭཨེམ
𘗴,རྐིས
𘗵,རྸས
𘗶,རྸས
𘗷,ཎྀ
𘗸,ཝའི
𘗹,ཝའིས
𘗺,ཝའིས
𘗻,ཁའོམ
𘗼,ཁཨེམ
𘗽,སྯོས
𘗾,ཐ༹ཡེས
𘗿,ཐ༹ཡེས
𘘀,འཤི
𘘁,འཤོས
𘘃,འགི
𘘄,ཤྭི
𘘅,འཀཨེ
𘘆,ལའས
𘘇,ཤྭི
𘘈,རྕི
𘘉,འཀཨེ
𘘊,ཤྭི
𘘋,མཡེས
𘘌,སྴཨུ
𘘍,སྡི
𘘎,རྩྭའྀ
𘘏,ཡྭུ
𘘐,ཤེ
𘘑,རྭའི
𘘒,རྭའི
𘘓,ཁྭའེ
𘘔,ཇག༹
𘘕,རྭའུ
𘘖,སྡི༹ས
𘘗,སྡི༹ས
𘘘,སའ
𘘙,སྗཨེ
𘘚,འཛེས
𘘛,ཀའིག༹
𘘜,འཤཨེ
𘘝,འཛེས
𘘞,ཀའ
𘘟,ཟའ
𘘠,འཔའོས
𘘡,ཟའ
𘘢,སྒིས
𘘣,ཡཡྀས
𘘤,ཇཡྀ
𘘥,ཡཡྀ
𘘦,ཆོག༹
𘘧,ཀའ
𘘨,སྯྀས
𘘩,ཀཡྀས
𘘪,ཏའོམ
𘘫,བཡིས
𘘬,ཇཡྀ
𘘭,སྭིས
𘘮,མོས
𘘯,ག༹འ
𘘰,ཀཨེས
𘘱,རྴྭ
𘘲,སོ
𘘳,འགིས
𘘴,གྭོམ
𘘵,སའོམ
𘘶,ཝོ
𘘷,རྭཨི
𘘸,འགིས
𘘹,ཀཡྀ
𘘺,ཀཡྀ
𘘻,རྱྀས
𘘼,སྡྭ༹འིས
𘘽,འམེ
𘘾,རྡྭ
𘘿,རྨའུ
𘙀,འརྟའ
𘙁,སའེས
𘙂,སྦི
𘙃,ཡཡྀ
𘙄,གྭ༹ཨེམས
𘙅,སྐུ
𘙆,ཝཨྀས
𘙇,རྸྀས
𘙈,རྨའྀས
𘙉,ཀེམ
𘙊,སྡྭ༹འིས
𘙋,རྸའི
𘙌,ཀཡྀ
𘙍,སྠུ༹
𘙎,ཐ༹ཡིས
𘙏,སྩོ
𘙐,ཝ
𘙑,སྠོ༹ས
𘙒,སྤཨི
𘙓,སྤཨི
𘙔,ཏའིག༹
𘙕,ཀཡྀས
𘙖,ཀཡྀ
𘙗,ཟཡི
𘙘,ཀཡྀ
𘙚,ཟྭའིག༹
𘙛,ཛིག༹ས
𘙜,སྣའྀ
𘙝,འཐ༹འྀ
𘙞,རྮྀ
𘙟,སྠ༹འོས
𘙠,ཀཨོམ
𘙡,ཞྭའི
𘙢,བའ
𘙣,འཤི
𘙤,མའྀས
𘙥,ཐ༹ཡིས
𘙦,སཡེས
𘙧,གྭཡི
𘙨,སའོམས
𘙩,ཆི
𘙪,སའྀས
𘙫,སྴོས
𘙬,ཏའོམ
𘙭,ལའིག༹ས
𘙮,ལའིག༹ས
𘙯,འབཨེ
𘙰,ལའིག༹ས
𘙱,འབཨེ
𘙲,ཇོ
𘙳,སྭེ
𘙴,རྐའོ
𘙵,ཛའུས
𘙶,རྸའིས
𘙷,ལའུས
𘙸,ལཨོ
𘙹,ཡཡེས
𘙺,ཡཡེས
𘙻,ཐ༹འིག༹ས
𘙼,མའུ
𘙽,ཆིག༹
𘙾,ཧའོམ
𘙿,ལཡེས
𘚀,སའ
𘚁,སྭའི
𘚂,ལའམ
𘚃,སྡུ
𘚄,ཀཡྀ
𘚅,ལའམ
𘚆,སྟུས
𘚇,སྭོ
𘚈,སྟུས
𘚉,རྱྀས
𘚊,རྱྀས
𘚋,ནཨོམས
𘚌,རྸའེས
𘚍,ཁཡྀ
𘚎,ཛཡིག༹
𘚏,སྭོ
𘚐,སའོམ
𘚑,སའོམ
𘚒,སའོམ
𘚓,སྭའས
𘚔,འམེས
𘚕,ད༹འོམས
𘚖,དྭ༹འོ
𘚗,ལའོམས
𘚘,ཐ༹ཡིས
𘚙,སྤའྀ
𘚚,སྤའྀ
𘚛,ཐ༹ཡིས
𘚜,སྠྭེ༹
𘚝,ལུས
𘚟,ཐ༹ཡིས
𘚡,ལའྀས
𘚢,ཇཨེས
𘚣,གཡེས
𘚤,རྠྭའྀ
𘚥,ལུས
𘚦,བཡས
𘚨,ཡོམས
𘚩,ཁཨེ
𘚪,སྫིས
𘚫,ལྀ
𘚬,ག༹འིམ
𘚭,སྭའོ
𘚮,འཀའོས
𘚯,ལྀ
𘚰,ལྀ
𘚱,ལྀས
𘚲,ལྀ
𘚳,ཤཨམ
𘚴,ལྀས
𘚵,འཀའོས
𘚶,ལྀ
𘚷,ལྀ
𘚸,སྫིས
𘚹,སྭཡྀ
𘚺,ཁཨེམ
𘚻,དའིས
𘚼,སྡྭྀ༹
𘚽,སྡྭྀ༹
𘚾,འདའྀ
𘚿,མཡེས
𘛀,འབེས
𘛁,འབེས
𘛂,འབེས
𘛃,ལའུས
𘛅,སྫྀས
𘛆,སྶྭེམ
𘛇,གཡུས
𘛈,ཀཨ
𘛉,འཙྭྀ
𘛊,ཀཨ
𘛋,ཁའས
𘛌,རྸའིག༹
𘛍,ནྭའུ
𘛎,ནའིག༹
𘛏,ནའ
𘛐,སྟྭའུ
𘛑,ཆིག༹
𘛒,རྔའིག༹
𘛓,འབེ
𘛕,ཤྭཨྀས
𘛖,རྮྀ
𘛗,རྮྀ
𘛘,འཤྀས
𘛙,ལིས
𘛚,སྣའེས
𘛛,ཏེམ
𘛜,ཟའི
𘛝,ཙཡུ
𘛞,མའོས
𘛟,ཝེས
𘛡,སྗི
𘛢,རྨེ
𘛣,ཤ
𘛤,རྸུ
𘛥,རྸུ
𘛦,སཡེ
𘛧,ལེམས
𘛨,འཀྭའ
𘛩,འཀྀ
𘛪,བཡིས
𘛫,ལིག༹
𘛬,རྭའི
𘛭,སཡེ
𘛮,ཁཡེས
𘛯,འགའུ
𘛰,ཁཡེས
𘛱,གའམ
𘛲,འགའུ
𘛳,ལའས
𘛴,འགའུ
𘛵,ཏའོས
𘛶,འརྕྀས
𘛷,རྸྀས
𘛸,ཇྭུ
𘛹,རྸའིག༹
𘛺,བཡེས
𘛻,འདི
𘛽,སྡུ༹ས
𘛾,སྡུ༹ས
𘛿,སྒེས
𘜀,རྨྀ
𘜁,ཙཡ
𘜂,འཛའེས
𘜃,ཛི
𘜄,རྔྭའི
𘜅,ད༹འིས
𘜆,ཡོུ
𘜇,ཆཨོ
𘜈,ཇཨོ
𘜉,ཕཡིས
𘜊,རྥ
𘜋,ཕམས
𘜌,ཕོམས
𘜍,རྱག༹ས
𘜎,ལཡེས
𘜏,རྣ
𘜐,འཛའ
𘜑,པའ
𘜒,ཤུས
𘜓,ཆིས
𘜔,རྔའིག༹ས
𘜕,རྐིས
𘜖,འདའུས
𘜗,འམས
𘜘,རྸི
𘜙,སྕུས
𘜚,སྐའོ
𘜛,གྭ༹འེ
𘜜,བཨེས
𘜝,འརྩེས
𘜞,ཙའེས
𘜟,བཡྀ
𘜠,རྴའས
𘜡,རྴྭ
𘜢,རྐ
𘜣,རྫྀ
𘜤,ཧ
𘜥,རྐ
𘜦,འརྱྭྀ
𘜧,སྐྭའུས
𘜨,ཆྭཨེ
𘜩,འཐའོས
𘜪,རྱེ
𘜫,ཀཨེས
𘜬,ཀཨེས
𘜭,རྔའུ
𘜮,རྔའུ
𘜯,སྱིས
𘜰,སྒེས
𘜱,སྠྀས
𘜲,ཤུ
𘜳,ཐའས
𘜴,འམས
𘜵,ཤུ
𘜶,ད༹འས
𘜷,བའིས
𘜸,ཚའྀ
𘜹,ཛའོམ
𘜺,རྸའྀས
𘜻,ཕཨ
𘜼,འཕོས
𘜽,ཁའུ
𘜾,ཀཨེ
𘝀,འཕི
𘝁,ཐའྀས
𘝂,རྗས
𘝃,ཙཡིས
𘝄,རྭའིས
𘝅,འཆྀས
𘝆,སྡ༹འ
𘝇,འཤིས
𘝈,རྗས
𘝊,རྨའིས
𘝋,ཛྭཡྀས
𘝌,སྡེ༹མ
𘝍,སྕུས
𘝎,རྭའིས
𘝏,ཇུས
𘝐,ག༹ཨེ
𘝑,འཙྭའི
𘝒,ཤྭུ
𘝓,ཤྭུ
𘝔,ཤྭུ
𘝕,ནའེས
𘝖,ཡིག༹
𘝗,ཡིག༹
𘝘,ཡིག༹
𘝙,ཛའོམ
𘝚,འརྐྭྀ
𘝛,ཆོུ
𘝜,རྐུས
𘝞,རྱྭྀས
𘝟,ཤྭྀ
𘝠,ཐཡྀས
𘝡,རྡོ༹
𘝢,སྖྀ
𘝣,ཎཨེམ
𘝤,ཎཨོམ
𘝥,འཚེས
𘝧,འབཨོ
𘝨,སྯོས
𘝪,ཇོམ
𘝬,ལའེས
𘝭,རྯྀས
𘝮,སྡྭ༹འུ
𘝯,འབཨོ
𘝰,གིམ
𘝱,འཁཨོ
𘝲,དྭཡུ
𘝳,མཡྀས
𘝴,གག༹
𘝵,ཡཡེ
𘝶,ཐཡེས
𘝷,ལཨ
𘝸,ཁཨས
𘝹,རྭིས
𘝺,སྭུས
𘝻,ཀྭའོ
𘝼,ཀྭའོ
𘝽,ཀྭའོ
𘝾,ལིས
𘝿,ལིས
𘞀,ནཡས
𘞁,ལིས
𘞂,འཛྀས
𘞃,ཇོམ
𘞄,འདྀ༹
𘞅,ལའ
𘞆,བཡི
𘞇,སྦི
𘞈,ཏའམ
𘞉,ལའེ
𘞊,ཁཨྀས
𘞋,སྩེམ
𘞌,རྮྀ
𘞍,རྟའིག༹
𘞎,སྐའས
𘞏,སྡུ༹ས
𘞐,འཤུ
𘞑,ཀིམ
𘞒,འཤྀ
𘞓,ཝེ
𘞔,རྥ
𘞕,ཝའམས
𘞖,འསའིག༹ས
𘞗,སྭཡྀ
𘞘,འནྱིག༹
𘞙,སྒེ
𘞚,འབེ
𘞛,སྭཡྀ
𘞜,ཐྭའམས
𘞝,ཛྭཡྀ
𘞞,འཆཨས
𘞟,ཛྭཡྀ
𘞠,འཕོས
𘞡,ཛའོམ
𘞢,ཛའོམ
𘞣,ཛའོམ
𘞤,ལའོམས
𘞥,ལའོམས
𘞦,ལའོམས
𘞧,འཐ༹འིག༹ས
𘞨,སྮེས
𘞩,འདུ༹
𘞪,སྟེ
𘞫,རྒིག༹ས
𘞬,གྭ༹འིམ
𘞭,རྟྭ
𘞮,གཡི
𘞯,སྗི
𘞰,ལིས
𘞱,ཝིས
𘞲,ཐྭའེ
𘞳,སྭ
𘞴,སྭ
𘞵,ཛཡ
𘞶,འཕའུས
𘞷,ཁཡེ
𘞸,པེམ
𘞹,དཡྀས
𘞺,དཡྀས
𘞻,དཡྀས
𘞼,སཡིས
𘞽,སྯྀ
𘞾,སྦྀ
𘞿,ཝེ
𘟀,ལཡེས
𘟁,སྦའི
𘟂,ངྭའུས
𘟃,ནའོས
𘟄,གྀ༹
𘟅,ཆེ
𘟆,ཆེ
𘟇,ལའོ
𘟈,འཅྀས
𘟉,ཆིག༹
𘟊,ཇོམ
𘟋,རྯའ
𘟌,རྩའ
𘟍,ཞཨིས
𘟎,ཚྭཡུ
𘟏,བཡི
𘟐,རྷའྀས
𘟑,ཧའམས
𘟒,ཧའིས
𘟓,སྩེམ
𘟔,འཐི༹
𘟕,ཐེ༹མ
𘟖,ཀཨི
𘟗,རྐའོམས
𘟘,ག༹ཡིག༹
𘟙,ནཡེས
𘟚,དཡྀ
𘟛,རྮྀ
𘟜,ཛའོམ
𘟝,ཨྭའོ
𘟞,རྦྀ
𘟟,ཁཡེ
𘟠,ཛའུ
𘟡,ཐ༹འྀས
𘟢,ཝའིས
𘟣,དཡུ
𘟤,སྶྭུས
𘟥,བའྀས
𘟦,བའྀས
𘟧,རྣོམས
𘟨,རྣོམས
𘟩,སྟེམས
𘟪,ཤོམ
𘟫,སྒ༹འ
𘟬,སྭི
𘴀,འགས
𘴁,ཏའ
𘴂,ག༹འུ
𘴃,བཡུས
𘴄,ཤཨིས
𘴅,ལཡེས
𘴆,ཀྭའེ
𘴇,འམའིས
𘴈,སྠེས
